/*
 Navicat Premium Data Transfer

 Source Server         : com
 Source Server Type    : MySQL
 Source Server Version : 80400
 Source Host           : 81.68.137.33:3306
 Source Schema         : codex

 Target Server Type    : MySQL
 Target Server Version : 80400
 File Encoding         : 65001

 Date: 22/08/2024 00:20:21
*/

SET NAMES utf8mb4;
SET FOREIGN_KEY_CHECKS = 0;

-- ----------------------------
-- Table structure for x_alarm_bot
-- ----------------------------
DROP TABLE IF EXISTS `x_alarm_bot`;
CREATE TABLE `x_alarm_bot`  (
  `id` varchar(64) CHARACTER SET utf8mb4 COLLATE utf8mb4_bin NOT NULL COMMENT 'id',
  `bot_url` varchar(500) CHARACTER SET utf8mb4 COLLATE utf8mb4_bin NULL DEFAULT NULL COMMENT '机器人url',
  `alarm_object` json NULL COMMENT '报警对象',
  `alarm_all` tinyint(1) NULL DEFAULT NULL COMMENT '是否全部',
  `bug_count_condition` json NULL COMMENT 'bug总数条件对象',
  `bug_reopen_condition` json NULL COMMENT 'reopen率条件对象',
  `bug_rate_condition` json NULL COMMENT '缺陷率条件对象',
  `submit_condition` json NULL COMMENT '提交频率条件对象',
  `code_condition` json NULL COMMENT '代码行数条件对象',
  `content` text CHARACTER SET utf8mb4 COLLATE utf8mb4_bin NULL COMMENT '内容',
  `cron` varchar(255) CHARACTER SET utf8mb4 COLLATE utf8mb4_bin NULL DEFAULT NULL COMMENT 'cron表达式',
  `status` tinyint(1) NULL DEFAULT NULL COMMENT '状态 0：暂停  1：启动',
  `xxl_job_id` int(0) NULL DEFAULT NULL COMMENT 'xxl-jobid',
  `bug_status` varchar(255) CHARACTER SET utf8mb4 COLLATE utf8mb4_bin NULL DEFAULT NULL COMMENT 'bug状态',
  `create_time` datetime(0) NULL DEFAULT NULL COMMENT '创建时间',
  `trigger_type` tinyint(1) NULL DEFAULT NULL COMMENT '场景触发类型（1：全部满足时执行 2：满足任一条执行）',
  `alarm_type` tinyint(1) NULL DEFAULT NULL COMMENT '0邮箱 1企微机器人',
  PRIMARY KEY (`id`) USING BTREE
) ENGINE = InnoDB CHARACTER SET = utf8mb4 COLLATE = utf8mb4_bin ROW_FORMAT = Dynamic;

-- ----------------------------
-- Records of x_alarm_bot
-- ----------------------------
INSERT INTO `x_alarm_bot` VALUES ('84539ced-b3d1-40cc-bfc8-c3d598208625', 'qwe', '{\"users\": [], \"groupIds\": [], \"realProjectNames\": [\"项目A\"]}', 0, '{\"day\": 1, \"key\": 1, \"limit\": 1000, \"conType\": 1, \"condition\": \"1\"}', NULL, NULL, NULL, NULL, '', '* * * ? * * *', 0, NULL, NULL, '2024-08-21 00:07:15', 1, 1);

-- ----------------------------
-- Table structure for x_branches
-- ----------------------------
DROP TABLE IF EXISTS `x_branches`;
CREATE TABLE `x_branches`  (
  `branches_id` varchar(64) CHARACTER SET utf8mb3 COLLATE utf8mb3_bin NOT NULL,
  `project_id` varchar(64) CHARACTER SET utf8mb4 COLLATE utf8mb4_general_ci NULL DEFAULT NULL,
  `branches_name` varchar(255) CHARACTER SET utf8mb4 COLLATE utf8mb4_general_ci NULL DEFAULT NULL,
  PRIMARY KEY (`branches_id`) USING BTREE
) ENGINE = InnoDB CHARACTER SET = utf8mb4 COLLATE = utf8mb4_general_ci ROW_FORMAT = Dynamic;

-- ----------------------------
-- Records of x_branches
-- ----------------------------

-- ----------------------------
-- Table structure for x_bug
-- ----------------------------
DROP TABLE IF EXISTS `x_bug`;
CREATE TABLE `x_bug`  (
  `bug_id` varchar(500) CHARACTER SET utf8mb4 COLLATE utf8mb4_bin NOT NULL,
  `bug_title` varchar(500) CHARACTER SET utf8mb4 COLLATE utf8mb4_bin NULL DEFAULT NULL,
  `bug_type` varchar(500) CHARACTER SET utf8mb4 COLLATE utf8mb4_bin NULL DEFAULT NULL,
  `level` varchar(500) CHARACTER SET utf8mb4 COLLATE utf8mb4_bin NULL DEFAULT NULL,
  `status` varchar(500) CHARACTER SET utf8mb4 COLLATE utf8mb4_bin NULL DEFAULT NULL,
  `creator` varchar(500) CHARACTER SET utf8mb4 COLLATE utf8mb4_bin NULL DEFAULT NULL,
  `create_time` varchar(500) CHARACTER SET utf8mb4 COLLATE utf8mb4_bin NULL DEFAULT NULL,
  `resolve_name` varchar(500) CHARACTER SET utf8mb4 COLLATE utf8mb4_bin NULL DEFAULT NULL,
  `end_time` varchar(500) CHARACTER SET utf8mb4 COLLATE utf8mb4_bin NULL DEFAULT NULL,
  `bug_reopen` varchar(500) CHARACTER SET utf8mb4 COLLATE utf8mb4_bin NULL DEFAULT NULL,
  `bug_reopen_month` varchar(500) CHARACTER SET utf8mb4 COLLATE utf8mb4_bin NULL DEFAULT NULL,
  `bug_type2` varchar(500) CHARACTER SET utf8mb4 COLLATE utf8mb4_bin NULL DEFAULT NULL,
  `project_name` varchar(255) CHARACTER SET utf8mb4 COLLATE utf8mb4_bin NULL DEFAULT NULL,
  `department` varchar(255) CHARACTER SET utf8mb4 COLLATE utf8mb4_bin NULL DEFAULT NULL,
  `belong_to` varchar(255) CHARACTER SET utf8mb4 COLLATE utf8mb4_bin NULL DEFAULT NULL,
  `bug_version` varchar(255) CHARACTER SET utf8mb4 COLLATE utf8mb4_bin NULL DEFAULT NULL,
  `probability` varchar(255) CHARACTER SET utf8mb4 COLLATE utf8mb4_bin NULL DEFAULT NULL,
  `fix_version` varchar(255) CHARACTER SET utf8mb4 COLLATE utf8mb4_bin NULL DEFAULT NULL,
  `module` varchar(255) CHARACTER SET utf8mb4 COLLATE utf8mb4_bin NULL DEFAULT NULL,
  PRIMARY KEY (`bug_id`) USING BTREE
) ENGINE = InnoDB CHARACTER SET = utf8mb4 COLLATE = utf8mb4_bin ROW_FORMAT = Dynamic;

-- ----------------------------
-- Records of x_bug
-- ----------------------------
INSERT INTO `x_bug` VALUES ('13903', '这是一个bug标题', '软件BUG', 'major', '验证通过', '软件测试小A', '2024-08-18 11:25:29', '小王', '2024-08-13 18:38:43', '0', '', '功能缺陷', '项目A', '部门A', '软件质量', 'V1', '必现', 'V1', '假如这是一个模块');
INSERT INTO `x_bug` VALUES ('13904', '这是一个bug标题', '软件BUG', 'major', '验证通过', '软件测试小A', '2024-08-18 11:26:13', '小王', '2024-08-13 18:38:32', '0', '', '功能缺陷', '项目A', '部门A', '软件质量', 'V1', '必现', 'V1', '假如这是一个模块');
INSERT INTO `x_bug` VALUES ('13906', '这是一个bug标题', '软件BUG', 'critical', '验证通过', '软件测试小A', '2024-08-18 11:27:04', '小王', '2024-08-13 17:58:09', '0', '', '功能缺陷', '项目A', '部门A', '软件质量', 'V1', '必现', 'V1', '假如这是一个模块');
INSERT INTO `x_bug` VALUES ('13927', '这是一个bug标题', '软件BUG', 'critical', '验证通过', '软件测试小A', '2024-08-20 10:56:51', '小王', '2024-08-13 17:57:57', '0', '', '功能缺陷', '项目A', '部门A', '软件质量', 'V1', '必现', 'V1', '假如这是一个模块');
INSERT INTO `x_bug` VALUES ('13928', '这是一个bug标题', '软件BUG', 'normal', '验证通过', '软件测试小A', '2024-08-20 11:01:18', '小王', '2024-08-13 18:34:15', '0', '', '功能缺陷', '项目A', '部门A', '产品需求', 'V1', '必现', 'V1', '假如这是一个模块');
INSERT INTO `x_bug` VALUES ('13929', '这是一个bug标题', '软件BUG', 'major', '验证通过', '软件测试小A', '2024-08-20 11:04:21', '小王', '2024-08-13 18:13:21', '0', '', '功能缺陷', '项目A', '部门A', '软件质量', 'V1', '必现', 'V1', '假如这是一个模块');
INSERT INTO `x_bug` VALUES ('13961', '这是一个bug标题', '软件BUG', 'minor', '验证通过', '软件测试小A', '2024-09-05 11:00:22', '小王', '2024-08-28 19:27:48', '0', '', '功能缺陷', '项目A', '部门A', '软件质量', 'V1', '必现', 'V1', '假如这是一个模块');
INSERT INTO `x_bug` VALUES ('13962', '这是一个bug标题', '软件BUG', 'minor', '验证通过', '软件测试小A', '2024-09-05 11:06:18', '小王', '2024-08-28 19:25:32', '0', '', '功能缺陷', '项目A', '部门A', '软件质量', 'V1', '必现', 'V1', '假如这是一个模块');
INSERT INTO `x_bug` VALUES ('14080', '这是一个bug标题', '软件BUG', 'critical', '验证通过', '软件测试小A', '2024-08-14 14:06:28', '小王', '2024-08-01 16:42:05', '1', '2023-02', '功能缺陷', '项目A', '部门A', '软件质量', 'V1', '必现', 'V1', '假如这是一个模块');
INSERT INTO `x_bug` VALUES ('14081', '这是一个bug标题', '软件BUG', 'critical', '验证通过', '软件测试小A', '2024-08-14 14:06:54', '小王', '2024-08-01 16:53:29', '0', '', '功能缺陷', '项目A', '部门A', '软件质量', 'V1', '必现', 'V1', '假如这是一个模块');
INSERT INTO `x_bug` VALUES ('14082', '这是一个bug标题', '软件BUG', 'major', '已挂起', '软件测试小A', '2024-08-14 17:41:43', '小王', '2024-08-02 15:36:51', '0', '', '功能缺陷', '项目A', '部门A', '软件质量', 'V1', '必现', 'V1', '假如这是一个模块');
INSERT INTO `x_bug` VALUES ('14099', '这是一个bug标题', '软件BUG', 'critical', '验证通过', '软件测试小A', '2024-08-15 17:19:16', '小王', '2024-08-28 19:12:40', '0', '', '功能缺陷', '项目A', '部门A', '软件质量', 'V1', '必现', 'V1', '假如这是一个模块');
INSERT INTO `x_bug` VALUES ('14100', '这是一个bug标题', '软件BUG', 'critical', '验证通过', '软件测试小A', '2024-08-15 17:27:51', '小王', '2024-08-01 16:41:51', '1', '2023-02、2023-02', '功能缺陷', '项目A', '部门A', '软件质量', 'V1', '必现', 'V1', '假如这是一个模块');
INSERT INTO `x_bug` VALUES ('14154', '这是一个bug标题', '软件BUG', 'critical', '验证通过', '软件测试小A', '2024-08-19 10:34:38', '小王', '2024-08-01 16:53:14', '0', '', '功能缺陷', '项目A', '部门A', '软件质量', 'V1', '必现', 'V1', '假如这是一个模块');
INSERT INTO `x_bug` VALUES ('14210', '这是一个bug标题', '软件BUG', 'major', '验证通过', '软件测试小B', '2024-08-20 18:45:17', '小王', '2024-08-27 11:31:02', '0', '', '功能缺陷', '项目B', '部门B', '软件质量', 'V1', '100%', 'V1', '假如这是一个模块');
INSERT INTO `x_bug` VALUES ('14211', '这是一个bug标题', '软件BUG', 'normal', '验证通过', '软件测试小B', '2024-08-20 18:53:14', '小王', '2024-08-24 19:51:11', '0', '', '功能缺陷', '项目B', '部门B', '软件质量', 'V1', '100%', 'V1', '假如这是一个模块');
INSERT INTO `x_bug` VALUES ('14325', '这是一个bug标题', '软件BUG', 'normal', '验证通过', '软件测试小B', '2024-08-28 14:52:43', '小王', '2024-08-24 11:04:11', '0', '', '功能缺陷', '项目B', '部门B', '软件质量', 'V1', '100%', 'V1', '假如这是一个模块');
INSERT INTO `x_bug` VALUES ('14326', '这是一个bug标题', '软件BUG', 'normal', '验证通过', '软件测试小B', '2024-08-28 14:54:40', '小王', '2024-08-24 17:35:37', '0', '', '功能缺陷', '项目B', '部门B', '软件质量', 'V1', '100%', 'V1', '假如这是一个模块');
INSERT INTO `x_bug` VALUES ('14330', '这是一个bug标题', '软件BUG', 'normal', '验证通过', '软件测试小B', '2024-08-28 17:12:21', '小王', '2024-08-24 17:34:31', '0', '', '功能缺陷', '项目B', '部门B', '软件质量', 'V1', '1+1', 'V1', '假如这是一个模块');
INSERT INTO `x_bug` VALUES ('14412', '这是一个bug标题', '软件BUG', 'normal', '非缺陷', '软件测试小C', '2024-08-06 14:59:32', '小王', '2024-08-16 09:51:30', '0', '', '功能缺陷', '项目C', '部门B', '软件质量', 'V2', '必现', 'V1', '假如这是一个模块');
INSERT INTO `x_bug` VALUES ('14413', '这是一个bug标题', '软件BUG', 'normal', '验证通过', '软件测试小C', '2024-08-06 15:01:08', '小王', '2024-08-16 09:47:02', '0', '', '功能缺陷', '项目C', '部门B', '软件质量', 'V2', '必现', 'V1', '假如这是一个模块');
INSERT INTO `x_bug` VALUES ('14414', '这是一个bug标题', '软件BUG', 'minor', '验证通过', '软件测试小C', '2024-08-06 15:05:14', '小王', '2024-08-16 09:37:52', '0', '', '需求与建议', '项目C', '部门B', '软件质量', 'V2', '必现', 'V1', '假如这是一个模块');
INSERT INTO `x_bug` VALUES ('14457', '这是一个bug标题', '软件BUG', 'normal', '验证通过', '软件测试小C', '2024-08-11 10:50:12', '小王', '2024-08-14 13:27:30', '0', '', '功能缺陷', '项目C', '部门B', '软件质量', 'V1', '必现', 'V1', '假如这是一个模块');
INSERT INTO `x_bug` VALUES ('14461', '这是一个bug标题', '软件BUG', 'normal', '验证通过', '软件测试小C', '2024-08-11 13:56:05', '小王', '2024-08-14 13:29:55', '0', '', '功能缺陷', '项目C', '部门B', '软件质量', 'V1', '必现', 'V1', '假如这是一个模块');
INSERT INTO `x_bug` VALUES ('14463', '这是一个bug标题', '软件BUG', 'minor', '待确认', '软件测试小C', '2024-08-11 14:03:45', '小王', NULL, '0', '', '需求与建议', '项目C', '部门B', '软件质量', 'V1', '必现', 'V1', '假如这是一个模块');
INSERT INTO `x_bug` VALUES ('16975', '这是一个bug标题', '软件BUG', 'minor', '验证通过', '软件测试小C', '2024-08-11 11:25:00', '小王', '2024-08-11 15:12:40', '0', '', '功能缺陷', '项目D', '部门C', '软件质量', 'V1', '100%', 'V1', '假如这是一个模块');
INSERT INTO `x_bug` VALUES ('16979', '这是一个bug标题', '软件BUG', 'normal', '验证通过', '软件测试小C', '2024-08-11 11:39:25', '小王', '2024-08-10 16:30:20', '0', '', '功能缺陷', '项目D', '部门C', '软件质量', 'V1', '100%', 'V1', '假如这是一个模块');
INSERT INTO `x_bug` VALUES ('17023', '这是一个bug标题', '软件BUG', 'minor', '验证通过', '软件测试小D', '2024-08-12 09:15:36', '小王', '2024-08-15 15:44:39', '0', '', '功能缺陷', '项目D', '部门C', '软件质量', 'V1', '100%', 'V1', '假如这是一个模块');
INSERT INTO `x_bug` VALUES ('17082', '这是一个bug标题', '软件BUG', 'critical', '验证通过', '软件测试小D', '2024-08-13 20:03:39', '小李', '2024-08-12 15:22:27', '0', '', '功能缺陷', '项目D', '部门C', '软件质量', 'V1', '100%', 'V1', '假如这是一个模块');
INSERT INTO `x_bug` VALUES ('17166', '这是一个bug标题', '软件BUG', 'normal', '验证通过', '软件测试小C', '2024-08-14 17:13:54', '小王', '2024-08-13 09:58:50', '0', '', '功能缺陷', '项目D', '部门C', '软件质量', 'V1', '100%', 'V1', '假如这是一个模块');
INSERT INTO `x_bug` VALUES ('17169', '这是一个bug标题', '软件BUG', 'minor', '验证通过', '软件测试小D', '2024-08-14 18:11:43', '小王', '2024-08-14 17:46:31', '0', '', '功能缺陷', '项目D', '部门C', '软件质量', 'V1', '100%', 'V1', '假如这是一个模块');
INSERT INTO `x_bug` VALUES ('17195', '这是一个bug标题', '软件BUG', 'major', '验证通过', '软件测试小C', '2024-08-17 10:27:49', '小王', '2024-08-13 09:59:11', '0', '', '功能缺陷', '项目D', '部门C', '软件质量', 'V1', '100%', 'V1', '假如这是一个模块');
INSERT INTO `x_bug` VALUES ('17259', '这是一个bug标题', '软件BUG', 'major', '验证通过', '软件测试小C', '2024-08-18 10:45:30', '小王', '2024-08-13 14:00:25', '0', '', '功能缺陷', '项目D', '部门C', '软件质量', 'V1', '100%', 'V1', '假如这是一个模块');
INSERT INTO `x_bug` VALUES ('17266', '这是一个bug标题', '软件BUG', 'critical', '验证通过', '软件测试小D', '2024-08-18 14:05:05', '小王', '2024-08-21 16:21:51', '0', '', '功能缺陷', '项目D', '部门C', '软件质量', 'V1', '测试四次，出现四次', 'V1', '假如这是一个模块');
INSERT INTO `x_bug` VALUES ('17289', '这是一个bug标题', '软件BUG', 'normal', '验证通过', '软件测试小D', '2024-08-18 19:51:15', '小李', '2024-08-14 18:08:10', '0', '', '需求与建议', '项目D', '部门C', '产品需求', 'V1', '100%', 'V1', '假如这是一个模块');
INSERT INTO `x_bug` VALUES ('17311', '这是一个bug标题', '软件BUG', 'major', '验证通过', '软件测试小D', '2024-08-20 10:21:29', '小李', '2024-08-16 17:44:46', '0', '', '功能缺陷', '项目D', '部门C', '软件质量', 'V1', '100%', 'V1', '假如这是一个模块');
INSERT INTO `x_bug` VALUES ('17335', '这是一个bug标题', '软件BUG', 'minor', '验证通过', '软件测试小C', '2024-08-20 16:46:53', '小李', '2024-08-13 14:09:03', '0', '', '功能缺陷', '项目D', '部门C', '软件质量', 'V1', '100%', 'V1', '假如这是一个模块');
INSERT INTO `x_bug` VALUES ('18069', '这是一个bug标题', '软件BUG', 'major', '验证通过', '软件测试小C', '2024-08-19 14:05:39', '小王', '2024-08-28 17:52:46', '0', '', '功能缺陷', '项目E', '部门B', '软件质量', 'V1', '100%', 'V1', '假如这是一个模块');
INSERT INTO `x_bug` VALUES ('18190', '这是一个bug标题', '软件BUG', 'normal', '验证通过', '软件测试小C', '2024-08-23 17:41:07', '小王', '2024-08-21 08:52:44', '0', '', '功能缺陷', '项目E', '部门B', '软件质量', 'V1', '100%', 'V1', '假如这是一个模块');
INSERT INTO `x_bug` VALUES ('18493', '这是一个bug标题', '软件BUG', 'normal', '验证通过', '软件测试小E', '2024-09-05 11:11:34', '小王', '2024-08-17 16:31:01', '0', '', '功能缺陷', '项目E', '部门B', '软件质量', 'V1', '100%', 'V1', '假如这是一个模块');
INSERT INTO `x_bug` VALUES ('18494', '这是一个bug标题', '软件BUG', 'normal', '非缺陷', '软件测试小E', '2024-09-05 11:12:07', '小王', '2024-08-23 15:43:03', '1', '2023-08', '功能缺陷', '项目E', '部门B', '软件质量', 'V1', '100%', 'V1', '假如这是一个模块');
INSERT INTO `x_bug` VALUES ('18520', '这是一个bug标题', '软件BUG', 'normal', '验证通过', '软件测试小D', '2024-09-05 16:44:23', '小李', '2024-08-12 14:49:59', '0', '', '功能缺陷', '项目D', '部门C', '软件质量', 'V1', '100%', 'V1', '假如这是一个模块');
INSERT INTO `x_bug` VALUES ('18607', '这是一个bug标题', '软件BUG', 'critical', '验证通过', '软件测试小D', '2024-07-07 14:05:33', '小李', '2024-08-18 10:59:12', '0', '', '功能缺失', '项目D', '部门C', '软件质量', 'V1', '必现', 'V1', '假如这是一个模块');
INSERT INTO `x_bug` VALUES ('18610', '这是一个bug标题', '软件BUG', 'normal', '验证通过', '软件测试小F', '2024-07-07 14:17:35', '小李', '2024-08-26 13:52:26', '0', '', '功能缺陷', '项目D', '部门C', '软件质量', 'V1', '100%', 'V1', '假如这是一个模块');
INSERT INTO `x_bug` VALUES ('18621', '这是一个bug标题', '软件BUG', 'normal', '验证通过', '软件测试小F', '2024-07-07 15:47:36', '小李', '2024-08-26 13:56:36', '0', '', '功能缺陷', '项目D', '部门C', '软件质量', 'V1', '100%', 'V1', '假如这是一个模块');
INSERT INTO `x_bug` VALUES ('18653', '这是一个bug标题', '软件BUG', 'normal', '验证通过', '软件测试小F', '2024-07-08 10:48:16', '小李', '2024-08-20 10:44:24', '0', '', '功能缺陷', '项目D', '部门C', '软件质量', 'V1', '100%', 'V1', '假如这是一个模块');
INSERT INTO `x_bug` VALUES ('18664', '这是一个bug标题', '软件BUG', 'normal', '验证通过', '软件测试小F', '2024-07-08 11:58:22', '小李', '2024-08-26 13:58:27', '0', '', '功能缺陷', '项目D', '部门C', '软件质量', 'V2', '100%', 'V1', '假如这是一个模块');
INSERT INTO `x_bug` VALUES ('18665', '这是一个bug标题', '软件BUG', 'minor', '验证通过', '软件测试小C', '2024-07-08 13:20:25', '小李', '2024-08-13 14:25:45', '0', '', '功能缺陷', '项目D', '部门C', '软件质量', 'V2', '100%', 'V1', '假如这是一个模块');
INSERT INTO `x_bug` VALUES ('18728', '这是一个bug标题', '软件BUG', 'minor', '验证通过', '软件测试小C', '2024-07-09 15:47:53', '小李', '2024-08-24 11:40:00', '0', '', '功能缺陷', '项目D', '部门C', '软件质量', 'V2', '100%', 'V1', '假如这是一个模块');
INSERT INTO `x_bug` VALUES ('18770', '这是一个bug标题', '软件BUG', 'normal', '验证通过', '软件测试小C', '2024-07-12 09:44:46', '小李', '2024-08-24 11:39:19', '0', '', '功能缺陷', '项目D', '部门C', '软件质量', 'V2', '100%', 'V1', '假如这是一个模块');
INSERT INTO `x_bug` VALUES ('18772', '这是一个bug标题', '软件BUG', 'minor', '验证通过', '软件测试小C', '2024-07-12 09:48:30', '小李', '2024-08-24 11:42:07', '0', '', '功能缺陷', '项目D', '部门C', '软件质量', 'V2', '100%', 'V1', '假如这是一个模块');
INSERT INTO `x_bug` VALUES ('18776', '这是一个bug标题', '软件BUG', 'major', '验证通过', '软件测试小C', '2024-07-12 10:18:03', '小李', '2024-08-25 10:00:10', '0', '', '功能缺陷', '项目D', '部门C', '软件质量', 'V2', '100%', 'V1', '假如这是一个模块');
INSERT INTO `x_bug` VALUES ('18777', '这是一个bug标题', '软件BUG', 'normal', '验证通过', '软件测试小C', '2024-07-12 11:18:42', '小李', '2024-08-25 10:04:08', '0', '', '功能缺陷', '项目D', '部门C', '软件质量', 'V2', '100%', 'V1', '假如这是一个模块');
INSERT INTO `x_bug` VALUES ('18784', '这是一个bug标题', '软件BUG', 'minor', '验证通过', '软件测试小C', '2024-07-12 13:20:16', '小李', '2024-08-25 10:04:28', '0', '', '功能缺陷', '项目D', '部门C', '软件质量', 'V2', '100%', 'V1', '假如这是一个模块');
INSERT INTO `x_bug` VALUES ('18795', '这是一个bug标题', '软件BUG', 'normal', '验证通过', '软件测试小C', '2024-07-12 16:30:26', '小李', '2024-08-25 10:05:55', '0', '', '功能缺陷', '项目D', '部门C', '软件质量', 'V2', '100%', 'V1', '假如这是一个模块');
INSERT INTO `x_bug` VALUES ('18796', '这是一个bug标题', '软件BUG', 'normal', '验证通过', '软件测试小C', '2024-07-12 16:31:25', '小李', '2024-08-25 10:06:23', '0', '', '功能缺陷', '项目D', '部门C', '软件质量', 'V2', '100%', 'V1', '假如这是一个模块');
INSERT INTO `x_bug` VALUES ('18845', '这是一个bug标题', '软件BUG', 'normal', '验证通过', '软件测试小F', '2024-07-14 10:48:35', '小李', '2024-08-26 14:28:44', '0', '', '功能缺陷', '项目D', '部门C', '软件质量', 'V2', '100%', 'V1', '假如这是一个模块');
INSERT INTO `x_bug` VALUES ('18902', '这是一个bug标题', '软件BUG', 'minor', '验证通过', '软件测试小C', '2024-07-15 10:15:33', '小李', '2024-08-25 10:28:05', '0', '', '功能缺陷', '项目D', '部门C', '软件质量', 'V2', '100%', 'V1', '假如这是一个模块');
INSERT INTO `x_bug` VALUES ('18927', '这是一个bug标题', '软件BUG', 'normal', '验证通过', '软件测试小C', '2024-07-15 14:06:37', '小李', '2024-08-25 10:28:18', '0', '', '需求与建议', '项目D', '部门C', '软件质量', 'V2', '100%', 'V1', '假如这是一个模块');
INSERT INTO `x_bug` VALUES ('18973', '这是一个bug标题', '软件BUG', 'normal', '非缺陷', '软件测试小F', '2024-07-16 11:49:32', '小李', '2024-08-25 14:47:31', '0', '', '功能缺陷', '项目D', '部门C', '无', 'V2', '100%', 'V1', '假如这是一个模块');
INSERT INTO `x_bug` VALUES ('18982', '这是一个bug标题', '软件BUG', 'major', '验证通过', '软件测试小F', '2024-07-16 14:47:21', '小李', '2024-08-26 14:57:40', '0', '', '功能缺陷', '项目D', '部门C', '软件质量', 'V2', '100%', 'V1', '假如这是一个模块');
INSERT INTO `x_bug` VALUES ('18986', '这是一个bug标题', '软件BUG', 'normal', '验证通过', '软件测试小F', '2024-07-16 15:07:40', '小李', '2024-08-20 17:19:16', '1', '2023-09', '功能缺失', '项目D', '部门C', '软件质量', 'V2', '100%', 'V1', '假如这是一个模块');
INSERT INTO `x_bug` VALUES ('19037', '这是一个bug标题', '软件BUG', 'minor', '验证通过', '软件测试小D', '2024-07-20 11:22:30', '小李', '2024-08-05 18:00:24', '0', '', '功能缺陷', '项目D', '部门C', '软件质量', 'V2', '100%', 'V1', '假如这是一个模块');
INSERT INTO `x_bug` VALUES ('19039', '这是一个bug标题', '软件BUG', 'major', '验证通过', '软件测试小D', '2024-07-20 11:39:21', '小王', '2024-08-05 17:58:12', '0', '', '功能缺陷', '项目D', '部门C', '软件质量', 'V2', '100%', 'V1', '假如这是一个模块');
INSERT INTO `x_bug` VALUES ('19049', '这是一个bug标题', '软件BUG', 'normal', '验证通过', '软件测试小F', '2024-07-20 15:55:32', '小李', '2024-08-26 15:39:09', '0', '', '功能缺陷', '项目D', '部门C', '软件质量', 'V2', '100%', 'V1', '假如这是一个模块');
INSERT INTO `x_bug` VALUES ('19128', '这是一个bug标题', '软件BUG', 'normal', '非缺陷', '软件测试小D', '2024-07-22 15:11:55', '小李', '2024-08-21 09:37:12', '0', '', '功能缺陷', '项目D', '部门C', '无', 'V2', '100%', 'V1', '假如这是一个模块');
INSERT INTO `x_bug` VALUES ('19139', '这是一个bug标题', '软件BUG', 'major', '验证通过', '软件测试小D', '2024-07-22 16:38:51', '小王', '2024-08-30 15:40:45', '0', '', '功能缺陷', '项目D', '部门C', '软件质量', 'V2', '100%', 'V1', '假如这是一个模块');
INSERT INTO `x_bug` VALUES ('19212', '这是一个bug标题', '软件BUG', 'normal', '验证通过', '软件测试小E', '2024-07-26 08:04:38', '小王', '2024-08-28 11:32:01', '0', '', '功能缺失', '项目E', '部门B', '软件质量', 'V1', '100%', 'V1', '假如这是一个模块');
INSERT INTO `x_bug` VALUES ('19309', '这是一个bug标题', '软件BUG', 'normal', '验证通过', '软件测试小E', '2024-07-28 15:19:57', '小王', '2024-08-28 11:16:12', '0', '', '功能缺陷', '项目E', '部门B', '软件质量', 'V1', '100%', 'V1', '假如这是一个模块');
INSERT INTO `x_bug` VALUES ('19311', '这是一个bug标题', '软件BUG', 'normal', '已修复，验证中', '软件测试小E', '2024-07-28 15:24:55', '小李', NULL, '0', '', '功能缺陷', '项目E', '部门B', '软件质量', 'V1', '100%', 'V1', '假如这是一个模块');
INSERT INTO `x_bug` VALUES ('19325', '这是一个bug标题', '软件BUG', 'normal', '验证通过', '软件测试小C', '2024-07-29 09:58:26', '小王', '2024-08-13 14:27:03', '0', '', '功能缺陷', '项目D', '部门C', '软件质量', 'V2', '100%', 'V1', '假如这是一个模块');
INSERT INTO `x_bug` VALUES ('19341', '这是一个bug标题', '软件BUG', 'normal', '验证通过', '软件测试小C', '2024-07-29 15:18:03', '小李', '2024-08-13 14:27:23', '0', '', '功能缺陷', '项目D', '部门C', '软件质量', 'V2', '100%', 'V1', '假如这是一个模块');
INSERT INTO `x_bug` VALUES ('19363', '这是一个bug标题', '软件BUG', 'normal', '非缺陷', '软件测试小D', '2024-07-30 09:19:02', '小李', '2024-08-05 13:50:59', '0', '', '功能缺陷', '项目D', '部门C', '产品需求', 'V2', '100%', 'V1', '假如这是一个模块');
INSERT INTO `x_bug` VALUES ('19434', '这是一个bug标题', '软件BUG', 'critical', '验证通过', '软件测试小D', '2024-08-02 17:22:53', '小李', '2024-08-12 14:49:01', '0', '', '功能缺陷', '项目D', '部门C', '软件质量', 'V2', '100%', 'V1', '假如这是一个模块');
INSERT INTO `x_bug` VALUES ('19452', '这是一个bug标题', '软件BUG', 'major', '验证通过', '软件测试小C', '2024-08-03 13:35:16', '小王', '2024-08-13 14:31:17', '0', '', '功能缺陷', '项目D', '部门C', '软件质量', 'V2', '100%', 'V1', '假如这是一个模块');
INSERT INTO `x_bug` VALUES ('19453', '这是一个bug标题', '软件BUG', 'major', '验证通过', '软件测试小C', '2024-08-03 13:35:52', '小王', '2024-08-13 14:31:22', '0', '', '功能缺陷', '项目D', '部门C', '软件质量', 'V2', '100%', 'V1', '假如这是一个模块');
INSERT INTO `x_bug` VALUES ('19456', '这是一个bug标题', '软件BUG', 'normal', '验证通过', '软件测试小F', '2024-08-03 13:58:17', '小李', '2024-08-27 10:33:33', '0', '', '功能缺陷', '项目D', '部门C', '软件质量', 'V2', '100%', 'V1', '假如这是一个模块');
INSERT INTO `x_bug` VALUES ('19461', '这是一个bug标题', '软件BUG', 'major', '验证通过', '软件测试小C', '2024-08-03 15:41:53', '小王', '2024-08-13 14:32:05', '0', '', '功能缺陷', '项目D', '部门C', '软件质量', 'V2', '100%', 'V1', '假如这是一个模块');
INSERT INTO `x_bug` VALUES ('19466', '这是一个bug标题', '软件BUG', 'normal', '非缺陷', '软件测试小F', '2024-08-03 16:34:25', '小李', '2024-08-25 14:44:28', '0', '', '功能缺陷', '项目D', '部门C', '无', 'V2', '100%', 'V1', '假如这是一个模块');
INSERT INTO `x_bug` VALUES ('19478', '这是一个bug标题', '软件BUG', 'normal', '验证通过', '软件测试小F', '2024-08-03 18:27:56', '小李', '2024-08-27 10:35:42', '0', '', '功能缺陷', '项目D', '部门C', '无', 'V2', '100%', 'V1', '假如这是一个模块');
INSERT INTO `x_bug` VALUES ('19518', '这是一个bug标题', '软件BUG', 'minor', '验证通过', '软件测试小F', '2024-08-04 16:08:25', '小李', '2024-08-27 09:45:58', '1', '2023-10', '功能缺陷', '项目D', '部门C', '软件质量', 'V2', '100%', 'V1', '假如这是一个模块');
INSERT INTO `x_bug` VALUES ('19636', '这是一个bug标题', '软件BUG', 'normal', '验证通过', '软件测试小E', '2024-07-09 10:01:09', '小王', '2024-08-25 10:08:45', '0', '', '功能缺陷', '项目E', '部门B', '无', 'V1', '100%', 'V1', '假如这是一个模块');
INSERT INTO `x_bug` VALUES ('19638', '这是一个bug标题', '软件BUG', 'normal', '验证通过', '软件测试小E', '2024-07-09 10:02:54', '小王', '2024-08-20 11:04:47', '0', '', '功能缺陷', '项目E', '部门B', '软件质量', 'V1', '100%', 'V1', '假如这是一个模块');
INSERT INTO `x_bug` VALUES ('19639', '这是一个bug标题', '软件BUG', 'normal', '验证通过', '软件测试小E', '2024-07-09 10:09:07', '小王', '2024-08-20 11:03:54', '0', '', '功能缺陷', '项目E', '部门B', '软件质量', 'V1', '100%', 'V1', '假如这是一个模块');
INSERT INTO `x_bug` VALUES ('19641', '这是一个bug标题', '软件BUG', 'normal', '验证通过', '软件测试小E', '2024-07-09 10:10:22', '小王', '2024-08-20 11:02:20', '0', '', '功能缺陷', '项目E', '部门B', '软件质量', 'V1', '100%', 'V1', '假如这是一个模块');
INSERT INTO `x_bug` VALUES ('19690', '这是一个bug标题', '软件BUG', 'critical', '验证通过', '软件测试小D', '2024-07-09 17:46:43', '小李', '2024-08-13 10:41:37', '0', '', '功能缺陷', '项目D', '部门C', '软件质量', 'V2', '100%', 'V1', '假如这是一个模块');
INSERT INTO `x_bug` VALUES ('19692', '这是一个bug标题', '软件BUG', 'normal', '验证通过', '软件测试小F', '2024-07-09 18:07:07', '小李', '2024-08-27 10:52:40', '0', '', '功能缺陷', '项目D', '部门C', '软件质量', 'V2', '100%', 'V1', '假如这是一个模块');
INSERT INTO `x_bug` VALUES ('19728', '这是一个bug标题', '软件BUG', 'major', '验证通过', '软件测试小C', '2024-07-10 14:27:03', '小李', '2024-08-12 15:38:45', '0', '', '功能缺陷', '项目D', '部门C', '软件质量', 'V2', '100%', 'V1', '假如这是一个模块');
INSERT INTO `x_bug` VALUES ('19729', '这是一个bug标题', '软件BUG', 'major', '验证通过', '软件测试小C', '2024-07-10 14:29:31', '小李', '2024-08-26 17:57:38', '0', '', '功能缺陷', '项目D', '部门C', '无', 'V2', '100%', 'V1', '假如这是一个模块');
INSERT INTO `x_bug` VALUES ('19919', '这是一个bug标题', '软件BUG', 'major', '验证通过', '软件测试小F', '2024-07-17 14:35:37', '小李', '2024-08-09 14:17:50', '0', '', '功能缺陷', '项目D', '部门C', '软件质量', 'V2', '100%', 'V1', '假如这是一个模块');
INSERT INTO `x_bug` VALUES ('19949', '这是一个bug标题', '软件BUG', 'normal', '验证通过', '软件测试小F', '2024-07-18 15:57:51', '小李', '2024-08-27 09:46:24', '0', '', '功能缺陷', '项目D', '部门C', '软件质量', 'V2', '100%', 'V1', '假如这是一个模块');
INSERT INTO `x_bug` VALUES ('19964', '这是一个bug标题', '软件BUG', 'critical', '验证通过', '软件测试小D', '2024-07-19 11:38:19', '小李', '2024-08-14 17:43:39', '0', '', '功能缺陷', '项目D', '部门C', '软件质量', 'V2', '100%', 'V1', '假如这是一个模块');
INSERT INTO `x_bug` VALUES ('19967', '这是一个bug标题', '软件BUG', 'major', '验证通过', '软件测试小D', '2024-07-19 15:30:42', '小李', '2024-08-14 17:47:53', '0', '', '功能缺陷', '项目D', '部门C', '软件质量', 'V2', '100%', 'V1', '假如这是一个模块');
INSERT INTO `x_bug` VALUES ('19971', '这是一个bug标题', '软件BUG', 'normal', '验证通过', '软件测试小F', '2024-07-19 16:28:54', '小王', '2024-08-31 18:49:59', '0', '', '功能缺陷', '项目D', '部门C', '无', 'V2', '100%', 'V1', '假如这是一个模块');
INSERT INTO `x_bug` VALUES ('19980', '这是一个bug标题', '软件BUG', 'critical', '验证通过', '软件测试小C', '2024-07-20 09:35:57', '小王', '2024-08-09 10:43:59', '0', '', '功能缺陷', '项目D', '部门C', '产品需求', 'V2', '100%', 'V1', '假如这是一个模块');
INSERT INTO `x_bug` VALUES ('19981', '这是一个bug标题', '软件BUG', 'major', '验证通过', '软件测试小C', '2024-07-20 09:40:38', '小王', '2024-08-09 10:44:07', '0', '', '功能缺陷', '项目D', '部门C', '软件质量', 'V2', '100%', 'V1', '假如这是一个模块');
INSERT INTO `x_bug` VALUES ('19986', '这是一个bug标题', '软件BUG', 'major', '验证通过', '软件测试小C', '2024-07-20 10:08:20', '小王', '2024-08-09 10:44:27', '0', '', '功能缺陷', '项目D', '部门C', '软件质量', 'V2', '100%', 'V1', '假如这是一个模块');
INSERT INTO `x_bug` VALUES ('20031', '这是一个bug标题', '软件BUG', 'major', '非缺陷', '软件测试小C', '2024-07-20 17:50:46', '小李', '2024-08-09 10:45:01', '0', '', '功能缺陷', '项目D', '部门C', '无', 'V2', '100%', 'V1', '假如这是一个模块');
INSERT INTO `x_bug` VALUES ('20150', '这是一个bug标题', '软件BUG', 'major', '验证通过', '软件测试小F', '2024-07-25 10:43:45', '小李', '2024-08-09 15:15:47', '1', '2023-10', '功能缺陷', '项目D', '部门C', '软件质量', 'V2', '100%', 'V1', '假如这是一个模块');
INSERT INTO `x_bug` VALUES ('20156', '这是一个bug标题', '软件BUG', 'major', '验证通过', '软件测试小F', '2024-07-25 11:55:39', '小李', '2024-08-09 15:14:43', '0', '', '功能缺陷', '项目D', '部门C', '软件质量', 'V2', '100%', 'V1', '假如这是一个模块');
INSERT INTO `x_bug` VALUES ('20160', '这是一个bug标题', '软件BUG', 'major', '验证通过', '软件测试小D', '2024-07-25 15:35:01', '小李', '2024-08-27 16:45:26', '0', '', '功能缺陷', '项目D', '部门C', '软件质量', 'V2', '100%', 'V1', '假如这是一个模块');
INSERT INTO `x_bug` VALUES ('20161', '这是一个bug标题', '软件BUG', 'normal', '验证通过', '软件测试小F', '2024-07-25 16:01:28', '小李', '2024-08-09 14:38:54', '0', '', '功能缺陷', '项目D', '部门C', '软件质量', 'V2', '100%', 'V1', '假如这是一个模块');
INSERT INTO `x_bug` VALUES ('20194', '这是一个bug标题', '软件BUG', 'critical', '验证通过', '软件测试小D', '2024-07-26 10:25:01', '小李', '2024-08-09 14:03:41', '0', '', '功能缺陷', '项目D', '部门C', '无', 'V2', '100%', 'V1', '假如这是一个模块');
INSERT INTO `x_bug` VALUES ('20213', '这是一个bug标题', '软件BUG', 'major', '验证通过', '软件测试小D', '2024-07-26 15:56:41', '小王', '2024-08-07 10:12:34', '0', '', '功能缺陷', '项目D', '部门C', '无', 'V2', '100%', 'V1', '假如这是一个模块');
INSERT INTO `x_bug` VALUES ('20217', '这是一个bug标题', '软件BUG', 'major', '验证通过', '软件测试小F', '2024-07-26 17:38:50', '小王', '2024-08-09 14:44:31', '0', '', '功能缺陷', '项目D', '部门C', '无', 'V2', '100%', 'V1', '假如这是一个模块');
INSERT INTO `x_bug` VALUES ('20240', '这是一个bug标题', '软件BUG', 'normal', '验证通过', '软件测试小F', '2024-07-27 10:21:16', '小李', '2024-08-31 18:50:21', '0', '', '功能缺陷', '项目D', '部门C', '无', 'V2', '100%', 'V1', '假如这是一个模块');
INSERT INTO `x_bug` VALUES ('20253', '这是一个bug标题', '软件BUG', 'normal', '验证通过', '软件测试小F', '2024-07-27 14:38:37', '小李', '2024-08-31 18:53:34', '0', '', '功能缺陷', '项目D', '部门C', '软件质量', 'V2', '100%', 'V1', '假如这是一个模块');
INSERT INTO `x_bug` VALUES ('20255', '这是一个bug标题', '软件BUG', 'normal', '验证通过', '软件测试小F', '2024-07-27 15:01:24', '小李', '2024-08-31 19:02:30', '0', '', '功能缺陷', '项目D', '部门C', '软件质量', 'V2', '10%', 'V1', '假如这是一个模块');
INSERT INTO `x_bug` VALUES ('20339', '这是一个bug标题', '软件BUG', 'normal', '验证通过', '软件测试小F', '2024-07-31 13:51:38', '小李', '2024-08-27 19:22:37', '0', '', '功能缺陷', '项目D', '部门C', '软件质量', 'V2', '100%', 'V1', '假如这是一个模块');
INSERT INTO `x_bug` VALUES ('20363', '这是一个bug标题', '软件BUG', 'normal', '验证通过', '软件测试小F', '2024-08-01 09:54:58', '小李', '2024-08-20 13:48:34', '0', '', '功能缺陷', '项目D', '部门C', '软件质量', 'V2', '100%', 'V1', '假如这是一个模块');
INSERT INTO `x_bug` VALUES ('20425', '这是一个bug标题', '软件BUG', 'major', '验证通过', '软件测试小D', '2024-07-12 14:38:57', '小王', '2024-08-11 17:09:36', '0', '', '功能缺陷', '项目D', '部门C', '无', 'V2', '100%', 'V1', '假如这是一个模块');
INSERT INTO `x_bug` VALUES ('20426', '这是一个bug标题', '软件BUG', 'critical', '非缺陷', '软件测试小D', '2024-07-12 15:01:48', '小王', '2024-08-10 10:29:04', '0', '', '功能缺陷', '项目D', '部门C', '无', 'V2', '100%', 'V1', '假如这是一个模块');
INSERT INTO `x_bug` VALUES ('20454', '这是一个bug标题', '软件BUG', 'minor', '验证通过', '软件测试小C', '2024-07-13 16:07:40', '小李', '2024-08-31 16:20:09', '0', '', '需求与建议', '项目D', '部门C', '软件质量', 'V2', '100%', 'V1', '假如这是一个模块');
INSERT INTO `x_bug` VALUES ('20457', '这是一个bug标题', '软件BUG', 'major', '非缺陷', '软件测试小F', '2024-07-13 16:51:31', '小王', '2024-08-31 18:55:05', '0', '', '功能缺陷', '项目D', '部门C', '无', 'V2', '100%', 'V1', '假如这是一个模块');
INSERT INTO `x_bug` VALUES ('20495', '这是一个bug标题', '软件BUG', 'minor', '验证通过', '软件测试小C', '2024-07-14 16:07:14', '小王', '2024-08-31 11:34:50', '0', '', '功能缺陷', '项目D', '部门C', '无', 'V2', '100%', 'V1', '假如这是一个模块');
INSERT INTO `x_bug` VALUES ('20496', '这是一个bug标题', '软件BUG', 'major', '验证通过', '软件测试小C', '2024-07-15 10:29:20', '小王', '2024-08-31 18:28:45', '0', '', '功能缺陷', '项目D', '部门C', '无', 'V2', '100%', 'V1', '假如这是一个模块');
INSERT INTO `x_bug` VALUES ('20502', '这是一个bug标题', '软件BUG', 'major', '验证通过', '软件测试小C', '2024-07-15 14:06:43', '小李', '2024-08-31 16:22:23', '0', '', '功能缺陷', '项目D', '部门C', '软件质量', 'V2', '100%', 'V1', '假如这是一个模块');
INSERT INTO `x_bug` VALUES ('20506', '这是一个bug标题', '软件BUG', 'major', '非缺陷', '软件测试小C', '2024-07-15 17:39:34', '小王', '2024-08-20 10:31:30', '0', '', '功能缺陷', '项目D', '部门C', '无', 'V2', '100%', 'V1', '假如这是一个模块');
INSERT INTO `x_bug` VALUES ('20510', '这是一个bug标题', '软件BUG', 'normal', '非缺陷', '软件测试小F', '2024-07-15 18:08:02', '小王', '2024-08-31 18:55:17', '0', '', '功能缺陷', '项目D', '部门C', '无', 'V2', '100%', 'V1', '假如这是一个模块');
INSERT INTO `x_bug` VALUES ('20521', '这是一个bug标题', '软件BUG', 'major', '非缺陷', '软件测试小C', '2024-07-16 14:51:26', '小李', '2024-08-31 10:44:15', '0', '', '功能缺陷', '项目D', '部门C', '无', 'V2', '100%', 'V1', '假如这是一个模块');
INSERT INTO `x_bug` VALUES ('20537', '这是一个bug标题', '软件BUG', 'critical', '验证通过', '软件测试小C', '2024-07-17 10:27:08', '小李', '2024-08-26 16:56:51', '0', '', '功能缺陷', '项目D', '部门C', '无', 'V2', '100%', 'V1', '假如这是一个模块');
INSERT INTO `x_bug` VALUES ('20550', '这是一个bug标题', '软件BUG', 'normal', '验证通过', '软件测试小C', '2024-07-17 13:57:26', '小李', '2024-08-26 17:57:35', '0', '', '功能缺陷', '项目D', '部门C', '软件质量', 'V2', '100%', 'V1', '假如这是一个模块');
INSERT INTO `x_bug` VALUES ('20628', '这是一个bug标题', '软件BUG', 'major', '验证通过', '软件测试小C', '2024-07-21 10:59:29', '小李', '2024-08-26 17:41:20', '0', '', '功能缺陷', '项目D', '部门C', '软件质量', 'V2', '100%', 'V1', '假如这是一个模块');
INSERT INTO `x_bug` VALUES ('20633', '这是一个bug标题', '软件BUG', 'major', '验证通过', '软件测试小C', '2024-07-21 11:18:59', '小李', '2024-08-26 17:47:41', '0', '', '功能缺陷', '项目D', '部门C', '软件质量', 'V2', '100%', 'V1', '假如这是一个模块');
INSERT INTO `x_bug` VALUES ('20649', '这是一个bug标题', '软件BUG', 'minor', '验证通过', '软件测试小C', '2024-07-21 14:50:05', '小王', '2024-08-31 20:06:31', '0', '', '功能缺陷', '项目D', '部门C', '无', 'V2', '100%', 'V1', '假如这是一个模块');
INSERT INTO `x_bug` VALUES ('20734', '这是一个bug标题', '软件BUG', 'major', '验证通过', '软件测试小C', '2024-07-25 11:03:10', '小王', '2024-08-31 10:28:58', '0', '', '功能缺陷', '项目D', '部门C', '无', 'V2', '100%', 'V1', '假如这是一个模块');
INSERT INTO `x_bug` VALUES ('20779', '这是一个bug标题', '软件BUG', 'minor', '验证通过', '软件测试小C', '2024-07-29 14:52:21', '小李', '2024-08-31 16:39:29', '0', '', '功能缺陷', '项目D', '部门C', '软件质量', 'V2', '100%', 'V1', '假如这是一个模块');
INSERT INTO `x_bug` VALUES ('20781', '这是一个bug标题', '软件BUG', 'major', '验证通过', '软件测试小G', '2024-07-29 14:57:36', '小李', '2024-08-26 16:55:39', '0', '', '功能缺陷', '项目D', '部门C', '产品需求', 'V2', '100%', 'V1', '假如这是一个模块');
INSERT INTO `x_bug` VALUES ('20784', '这是一个bug标题', '软件BUG', 'minor', '验证通过', '软件测试小C', '2024-07-29 15:03:26', '小李', '2024-08-31 10:41:05', '0', '', '需求与建议', '项目D', '部门C', '软件质量', 'V2', '100%', 'V1', '假如这是一个模块');
INSERT INTO `x_bug` VALUES ('20820', '这是一个bug标题', '软件BUG', 'minor', '验证通过', '软件测试小C', '2024-07-30 15:18:52', '小李', '2024-08-26 16:53:34', '0', '', '功能缺陷', '项目D', '部门C', '软件质量', 'V2', '100%', 'V1', '假如这是一个模块');
INSERT INTO `x_bug` VALUES ('20825', '这是一个bug标题', '软件BUG', 'major', '验证通过', '软件测试小C', '2024-07-30 17:37:06', '小王', '2024-09-01 09:21:50', '0', '', '功能缺陷', '项目D', '部门C', '软件质量', 'V2', '100%', 'V1', '假如这是一个模块');
INSERT INTO `x_bug` VALUES ('20826', '这是一个bug标题', '软件BUG', 'minor', '验证通过', '软件测试小C', '2024-07-30 17:38:26', '小王', '2024-08-31 18:02:10', '0', '', '功能缺陷', '项目D', '部门C', '软件质量', 'V2', '100%', 'V1', '假如这是一个模块');
INSERT INTO `x_bug` VALUES ('20827', '这是一个bug标题', '软件BUG', 'major', '验证通过', '软件测试小C', '2024-07-30 17:39:07', '小王', '2024-09-13 09:00:49', '0', '', '功能缺陷', '项目D', '部门C', '软件质量', 'V2', '100%', 'V1', '假如这是一个模块');
INSERT INTO `x_bug` VALUES ('20828', '这是一个bug标题', '软件BUG', 'major', '验证通过', '软件测试小C', '2024-07-30 17:39:43', '小王', '2024-08-31 18:03:05', '0', '', '功能缺陷', '项目D', '部门C', '软件质量', 'V2', '100', 'V1', '假如这是一个模块');
INSERT INTO `x_bug` VALUES ('20879', '这是一个bug标题', '软件BUG', 'normal', '验证通过', '软件测试小H', '2024-08-02 09:48:57', '小王', '2024-09-04 09:45:32', '0', '', '功能缺陷', '项目G', '部门D', '软件质量', 'V1', '100%', 'V1', '假如这是一个模块');
INSERT INTO `x_bug` VALUES ('20920', '这是一个bug标题', '软件BUG', 'major', '验证通过', '软件测试小C', '2024-08-05 11:10:38', '小李', '2024-08-31 17:55:52', '0', '', '功能缺陷', '项目D', '部门C', '软件质量', 'V2', '100%', 'V1', '假如这是一个模块');
INSERT INTO `x_bug` VALUES ('20928', '这是一个bug标题', '软件BUG', 'major', '非缺陷', '软件测试小C', '2024-08-05 16:51:18', '小王', '2024-08-31 20:05:00', '0', '', '功能缺陷', '项目D', '部门C', '无', 'V2', '100%', 'V1', '假如这是一个模块');
INSERT INTO `x_bug` VALUES ('20930', '这是一个bug标题', '软件BUG', 'minor', '验证通过', '软件测试小C', '2024-08-05 17:45:08', '小李', '2024-09-12 14:33:31', '0', '', '功能缺陷', '项目D', '部门C', '软件质量', 'V2', '100%', 'V1', '假如这是一个模块');
INSERT INTO `x_bug` VALUES ('21003', '这是一个bug标题', '软件BUG', 'major', '验证通过', '软件测试小C', '2024-09-07 09:50:00', '小李', '2024-09-06 09:24:44', '0', '', '功能缺陷', '项目D', '部门C', '软件质量', 'V2', '100%', 'V1', '假如这是一个模块');
INSERT INTO `x_bug` VALUES ('21005', '这是一个bug标题', '软件BUG', 'normal', '验证通过', '软件测试小F', '2024-09-07 09:52:47', '小李', '2024-09-11 17:27:28', '0', '', '功能缺陷', '项目D', '部门C', '无', 'V2', '100%', 'V1', '假如这是一个模块');
INSERT INTO `x_bug` VALUES ('21006', '这是一个bug标题', '软件BUG', 'major', '非缺陷', '软件测试小C', '2024-09-07 09:54:31', '小李', '2024-09-03 10:54:51', '0', '', '功能缺陷', '项目D', '部门C', '无', 'V2', '100%', 'V1', '假如这是一个模块');
INSERT INTO `x_bug` VALUES ('21007', '这是一个bug标题', '软件BUG', 'normal', '验证通过', '软件测试小F', '2024-09-07 10:03:41', '小李', '2024-09-09 09:52:36', '0', '', '功能缺陷', '项目D', '部门C', '软件质量', 'V2', '100%', 'V1', '假如这是一个模块');
INSERT INTO `x_bug` VALUES ('21008', '这是一个bug标题', '软件BUG', 'major', '验证通过', '软件测试小C', '2024-09-07 10:29:10', '小李', '2024-09-06 09:25:48', '0', '', '功能缺陷', '项目D', '部门C', '软件质量', 'V2', '100%', 'V1', '假如这是一个模块');
INSERT INTO `x_bug` VALUES ('21010', '这是一个bug标题', '软件BUG', 'minor', '非缺陷', '软件测试小F', '2024-09-07 10:42:01', '小李', '2024-09-08 09:29:33', '0', '', '功能缺陷', '项目D', '部门C', '无', 'V2', '100%', 'V1', '假如这是一个模块');
INSERT INTO `x_bug` VALUES ('21011', '这是一个bug标题', '软件BUG', 'normal', '验证通过', '软件测试小F', '2024-09-07 10:57:34', '小李', '2024-09-09 09:57:00', '0', '', '功能缺陷', '项目D', '部门C', '软件质量', 'V2', '100%', 'V1', '假如这是一个模块');
INSERT INTO `x_bug` VALUES ('21012', '这是一个bug标题', '软件BUG', 'normal', '验证通过', '软件测试小F', '2024-09-07 11:22:35', '小李', '2024-09-06 09:27:04', '0', '', '功能缺陷', '项目D', '部门C', '软件质量', 'V2', '100%', 'V1', '假如这是一个模块');
INSERT INTO `x_bug` VALUES ('21019', '这是一个bug标题', '软件BUG', 'normal', '验证通过', '软件测试小F', '2024-09-07 14:28:08', '小李', '2024-09-09 10:24:40', '0', '', '功能缺陷', '项目D', '部门C', '软件质量', 'V2', '100%', 'V1', '假如这是一个模块');
INSERT INTO `x_bug` VALUES ('21044', '这是一个bug标题', '软件BUG', 'normal', '验证通过', '软件测试小F', '2024-09-08 09:49:45', '小李', '2024-09-09 10:50:09', '0', '', '功能缺陷', '项目D', '部门C', '软件质量', 'V2', '100%', 'V1', '假如这是一个模块');
INSERT INTO `x_bug` VALUES ('21051', '这是一个bug标题', '软件BUG', 'normal', '验证通过', '软件测试小F', '2024-09-08 10:36:02', '小李', '2024-09-06 09:13:40', '0', '', '功能缺陷', '项目D', '部门C', '软件质量', 'V2', '100%', 'V1', '假如这是一个模块');
INSERT INTO `x_bug` VALUES ('21060', '这是一个bug标题', '软件BUG', 'major', '验证通过', '软件测试小C', '2024-09-08 13:25:45', '小李', '2024-09-06 09:29:47', '0', '', '功能缺陷', '项目D', '部门C', '软件质量', 'V2', '100%', 'V1', '假如这是一个模块');
INSERT INTO `x_bug` VALUES ('21061', '这是一个bug标题', '软件BUG', 'normal', '验证通过', '软件测试小F', '2024-09-08 13:35:59', '小李', '2024-09-09 10:45:41', '0', '', '功能缺陷', '项目D', '部门C', '软件质量', 'V2', '100%', 'V1', '假如这是一个模块');
INSERT INTO `x_bug` VALUES ('21066', '这是一个bug标题', '软件BUG', 'minor', '验证通过', '软件测试小C', '2024-09-08 14:17:26', '小李', '2024-09-06 10:23:24', '0', '', '功能缺陷', '项目D', '部门C', '软件质量', 'V2', '100%', 'V1', '假如这是一个模块');
INSERT INTO `x_bug` VALUES ('21068', '这是一个bug标题', '软件BUG', 'major', '验证通过', '软件测试小C', '2024-09-08 14:18:16', '小李', '2024-09-06 09:43:22', '0', '', '功能缺陷', '项目D', '部门C', '软件质量', 'V2', '100%', 'V1', '假如这是一个模块');
INSERT INTO `x_bug` VALUES ('21069', '这是一个bug标题', '软件BUG', 'major', '验证通过', '软件测试小C', '2024-09-08 14:20:06', '小李', '2024-09-06 10:10:52', '0', '', '功能缺陷', '项目D', '部门C', '软件质量', 'V2', '100%', 'V1', '假如这是一个模块');
INSERT INTO `x_bug` VALUES ('21076', '这是一个bug标题', '软件BUG', 'major', '验证通过', '软件测试小C', '2024-09-08 15:41:26', '小李', '2024-09-06 09:38:47', '0', '', '功能缺陷', '项目D', '部门C', '软件质量', 'V2', '10次出现2次', 'V1', '假如这是一个模块');
INSERT INTO `x_bug` VALUES ('21078', '这是一个bug标题', '软件BUG', 'major', '验证通过', '软件测试小C', '2024-09-08 16:04:13', '小李', '2024-09-06 10:23:28', '0', '', '功能缺陷', '项目D', '部门C', '软件质量', 'V2', '100%', 'V1', '假如这是一个模块');
INSERT INTO `x_bug` VALUES ('21097', '这是一个bug标题', '软件BUG', 'major', '验证通过', '软件测试小F', '2024-09-11 10:07:11', '小李', '2024-09-01 10:44:16', '0', '', '功能缺陷', '项目D', '部门C', '无', 'V2', '10%', 'V1', '假如这是一个模块');
INSERT INTO `x_bug` VALUES ('21104', '这是一个bug标题', '软件BUG', 'normal', '验证通过', '软件测试小F', '2024-09-11 13:43:30', '小李', '2024-09-15 10:47:26', '1', '2023-11', '功能缺陷', '项目D', '部门C', '软件质量', 'V2', '100%', 'V1', '假如这是一个模块');
INSERT INTO `x_bug` VALUES ('21107', '这是一个bug标题', '软件BUG', 'normal', '验证通过', '软件测试小F', '2024-09-11 14:06:55', '小李', '2024-09-09 11:24:06', '0', '', '功能缺陷', '项目D', '部门C', '软件质量', 'V2', '100%', 'V1', '假如这是一个模块');
INSERT INTO `x_bug` VALUES ('21145', '这是一个bug标题', '软件BUG', 'normal', '验证通过', '软件测试小F', '2024-09-12 15:40:07', '小李', '2024-09-09 16:22:00', '0', '', '功能缺陷', '项目D', '部门C', '无', 'V2', '100%', 'V1', '假如这是一个模块');
INSERT INTO `x_bug` VALUES ('21150', '这是一个bug标题', '软件BUG', 'normal', '验证通过', '软件测试小F', '2024-09-12 16:38:22', '小李', '2024-09-15 17:13:22', '0', '', '功能缺陷', '项目D', '部门C', '无', 'V2', '100%', 'V1', '假如这是一个模块');
INSERT INTO `x_bug` VALUES ('21152', '这是一个bug标题', '软件BUG', 'normal', '验证通过', '软件测试小F', '2024-09-12 16:53:31', '小李', '2024-09-09 16:08:04', '0', '', '功能缺陷', '项目D', '部门C', '无', 'V2', '100%', 'V1', '假如这是一个模块');
INSERT INTO `x_bug` VALUES ('21157', '这是一个bug标题', '软件BUG', 'normal', '验证通过', '软件测试小F', '2024-09-13 09:44:04', '小李', '2024-09-09 16:21:44', '0', '', '功能缺陷', '项目D', '部门C', '软件质量', 'V2', '100%', 'V1', '假如这是一个模块');
INSERT INTO `x_bug` VALUES ('21223', '这是一个bug标题', '软件BUG', 'normal', '验证通过', '软件测试小F', '2024-09-18 13:24:19', '小王', '2024-09-20 09:28:11', '0', '', '功能缺陷', '项目D', '部门C', '无', 'V2', '10%', 'V1', '假如这是一个模块');
INSERT INTO `x_bug` VALUES ('21274', '这是一个bug标题', '软件BUG', 'minor', '验证通过', '软件测试小I', '2024-09-20 11:14:56', '小李', '2024-09-11 17:09:17', '0', '', '需求与建议', '项目H', '部门C', '软件质量', 'V1', '100%', 'V1', '假如这是一个模块');
INSERT INTO `x_bug` VALUES ('21279', '这是一个bug标题', '软件BUG', 'normal', '验证通过', '软件测试小I', '2024-09-20 14:20:54', '小李', '2024-09-11 17:52:29', '0', '', '功能缺陷', '项目H', '部门C', '软件质量', 'V1', '100%', 'V1', '假如这是一个模块');
INSERT INTO `x_bug` VALUES ('21286', '这是一个bug标题', '软件BUG', 'major', '验证通过', '软件测试小C', '2024-09-20 15:38:17', '小李', '2024-09-16 16:34:18', '0', '', '功能缺陷', '项目D', '部门C', '软件质量', 'V2', '100%', 'V1', '假如这是一个模块');
INSERT INTO `x_bug` VALUES ('21294', '这是一个bug标题', '软件BUG', 'normal', '验证通过', '软件测试小F', '2024-09-20 17:42:24', '小王', '2024-09-20 11:46:56', '0', '', '功能缺陷', '项目D', '部门C', '无', 'V2', '100%', 'V1', '假如这是一个模块');
INSERT INTO `x_bug` VALUES ('21313', '这是一个bug标题', '软件BUG', 'normal', '验证通过', '软件测试小I', '2024-09-21 15:32:46', '小李', '2024-09-11 16:44:38', '0', '', '功能缺陷', '项目H', '部门C', '软件质量', 'V1', '100%', 'V1', '假如这是一个模块');
INSERT INTO `x_bug` VALUES ('21318', '这是一个bug标题', '软件BUG', 'normal', '验证通过', '软件测试小I', '2024-09-21 16:11:34', '小李', '2024-09-11 16:43:29', '0', '', '功能缺陷', '项目H', '部门C', '软件质量', 'V1', '100%', 'V1', '假如这是一个模块');
INSERT INTO `x_bug` VALUES ('21325', '这是一个bug标题', '软件BUG', 'normal', '验证通过', '软件测试小I', '2024-09-21 17:26:40', '小李', '2024-09-11 16:38:36', '0', '', '功能缺陷', '项目H', '部门C', '软件质量', 'V1', '100%', 'V1', '假如这是一个模块');
INSERT INTO `x_bug` VALUES ('21329', '这是一个bug标题', '软件BUG', 'normal', '验证通过', '软件测试小F', '2024-09-21 20:25:43', '小李', '2024-09-04 14:30:17', '0', '', '功能缺失', '项目D', '部门C', '软件质量', 'V2', '100%', 'V1', '假如这是一个模块');
INSERT INTO `x_bug` VALUES ('21341', '这是一个bug标题', '软件BUG', 'normal', '验证通过', '软件测试小F', '2024-09-22 14:34:06', '小王', '2024-09-20 11:46:43', '0', '', '功能缺陷', '项目D', '部门C', '无', 'V2', '100%', 'V1', '假如这是一个模块');
INSERT INTO `x_bug` VALUES ('21348', '这是一个bug标题', '软件BUG', 'normal', '验证通过', '软件测试小I', '2024-09-22 16:50:51', '小李', '2024-09-11 16:36:53', '0', '', '功能缺陷', '项目H', '部门C', '软件质量', 'V1', '100%', 'V1', '假如这是一个模块');
INSERT INTO `x_bug` VALUES ('21365', '这是一个bug标题', '软件BUG', 'normal', '验证通过', '软件测试小F', '2024-09-24 14:43:48', '小李', '2024-09-05 10:32:18', '1', '2023-11', '功能缺陷', '项目D', '部门C', '软件质量', 'V2', '100%', 'V1', '假如这是一个模块');
INSERT INTO `x_bug` VALUES ('21367', '这是一个bug标题', '软件BUG', 'normal', '验证通过', '软件测试小F', '2024-09-24 15:44:47', '小李', '2024-09-28 18:31:32', '0', '', '功能缺陷', '项目D', '部门C', '软件质量', 'V2', '100%', 'V1', '假如这是一个模块');
INSERT INTO `x_bug` VALUES ('21373', '这是一个bug标题', '软件BUG', 'normal', '验证通过', '软件测试小F', '2024-09-24 16:56:10', '小李', '2024-09-28 18:43:02', '0', '', '功能缺陷', '项目D', '部门C', '软件质量', 'V2', '100%', 'V1', '假如这是一个模块');
INSERT INTO `x_bug` VALUES ('21379', '这是一个bug标题', '软件BUG', 'normal', '验证通过', '软件测试小F', '2024-09-24 18:43:41', '小李', '2024-09-29 16:59:19', '0', '', '功能缺陷', '项目D', '部门C', '软件质量', 'V2', '100%', 'V1', '假如这是一个模块');
INSERT INTO `x_bug` VALUES ('21382', '这是一个bug标题', '软件BUG', 'normal', '验证通过', '软件测试小F', '2024-09-24 20:01:25', '小李', '2024-09-05 15:50:59', '1', '2023-11', '功能缺陷', '项目D', '部门C', '软件质量', 'V2', '100%', 'V1', '假如这是一个模块');
INSERT INTO `x_bug` VALUES ('21403', '这是一个bug标题', '软件BUG', 'normal', '验证通过', '软件测试小I', '2024-09-25 15:44:11', '小李', '2024-01-02 16:35:26', '1', '2023-12', '功能缺陷', '项目H', '部门C', '软件质量', 'V1', '100%', 'V1', '假如这是一个模块');
INSERT INTO `x_bug` VALUES ('21412', '这是一个bug标题', '软件BUG', 'normal', '验证通过', '软件测试小F', '2024-09-25 18:19:03', '小李', '2024-09-29 16:58:30', '0', '', '功能缺陷', '项目D', '部门C', '软件质量', 'V2', '100%', 'V1', '假如这是一个模块');
INSERT INTO `x_bug` VALUES ('21440', '这是一个bug标题', '软件BUG', 'normal', '验证通过', '软件测试小I', '2024-09-26 10:27:50', '小李', '2024-09-12 17:13:49', '0', '', '功能缺陷', '项目H', '部门C', '软件质量', 'V1', '100%', 'V1', '假如这是一个模块');
INSERT INTO `x_bug` VALUES ('21457', '这是一个bug标题', '软件BUG', 'normal', '验证通过', '软件测试小I', '2024-09-26 15:04:23', '小李', '2024-09-12 16:57:44', '0', '', '功能缺陷', '项目H', '部门C', '软件质量', 'V1', '100%', 'V1', '假如这是一个模块');
INSERT INTO `x_bug` VALUES ('21466', '这是一个bug标题', '软件BUG', 'normal', '验证通过', '软件测试小I', '2024-09-26 17:42:20', '小李', '2024-09-12 17:49:39', '0', '', '功能缺陷', '项目H', '部门C', '软件质量', 'V1', '100%', 'V1', '假如这是一个模块');
INSERT INTO `x_bug` VALUES ('21543', '这是一个bug标题', '软件BUG', 'major', '验证通过', '软件测试小C', '2024-10-02 13:35:32', '小王', '2024-09-28 17:48:34', '0', '', '功能缺陷', '项目D', '部门C', '无', 'V2', '100%', 'V1', '假如这是一个模块');
INSERT INTO `x_bug` VALUES ('21549', '这是一个bug标题', '软件BUG', 'major', '验证通过', '软件测试小C', '2024-10-02 16:13:44', '小李', '2024-09-28 15:40:04', '0', '', '功能缺陷', '项目D', '部门C', '软件质量', 'V2', '100%', 'V1', '假如这是一个模块');
INSERT INTO `x_bug` VALUES ('21567', '这是一个bug标题', '软件BUG', 'major', '验证通过', '软件测试小C', '2024-10-03 10:28:17', '小王', '2024-09-29 09:54:05', '0', '', '功能缺陷', '项目D', '部门C', '无', 'V2', '100%', 'V1', '假如这是一个模块');
INSERT INTO `x_bug` VALUES ('21639', '这是一个bug标题', '软件BUG', 'normal', '非缺陷', '软件测试小F', '2024-10-04 14:43:20', '小李', '2024-09-04 14:36:00', '0', '', '功能缺陷', '项目D', '部门C', '无', 'V2', '100%', 'V1', '假如这是一个模块');
INSERT INTO `x_bug` VALUES ('21670', '这是一个bug标题', '软件BUG', 'normal', '验证通过', '软件测试小F', '2024-10-04 16:51:12', '小李', '2024-09-05 15:50:19', '0', '', '功能缺陷', '项目D', '部门C', '软件质量', 'V2', '100%', 'V1', '假如这是一个模块');
INSERT INTO `x_bug` VALUES ('21700', '这是一个bug标题', '软件BUG', 'normal', '验证通过', '软件测试小H', '2024-10-05 13:55:39', '小王', '2024-01-16 14:25:13', '0', '', '功能缺陷', '项目G', '部门D', '软件质量', 'V1', '概率', 'V1', '假如这是一个模块');
INSERT INTO `x_bug` VALUES ('21703', '这是一个bug标题', '软件BUG', 'normal', '验证通过', '软件测试小H', '2024-10-05 14:02:58', '小王', '2024-01-16 14:22:55', '0', '', '功能缺陷', '项目G', '部门D', '软件质量', 'V1', '不定性', 'V1', '假如这是一个模块');
INSERT INTO `x_bug` VALUES ('21733', '这是一个bug标题', '软件BUG', 'major', '验证通过', '软件测试小C', '2024-09-06 13:41:36', '小李', '2024-02-19 10:11:46', '0', '', '功能缺陷', '项目D', '部门C', '软件质量', 'V2', '2%', 'V1', '假如这是一个模块');
INSERT INTO `x_bug` VALUES ('21848', '这是一个bug标题', '软件BUG', 'normal', '验证通过', '软件测试小F', '2024-09-11 22:15:08', '小李', '2024-09-11 17:27:13', '0', '', '方案缺陷', '项目D', '部门C', '产品需求', 'V2', '100%', 'V1', '假如这是一个模块');
INSERT INTO `x_bug` VALUES ('21912', '这是一个bug标题', '软件BUG', 'normal', '验证通过', '软件测试小I', '2024-09-16 15:20:29', '小李', '2024-09-18 14:08:18', '0', '', '功能缺陷', '项目H', '部门C', '软件质量', 'V1', '100%', 'V1', '假如这是一个模块');
INSERT INTO `x_bug` VALUES ('21923', '这是一个bug标题', '软件BUG', 'normal', '验证通过', '软件测试小I', '2024-09-16 17:12:45', '小李', '2024-09-18 13:52:40', '0', '', '功能缺陷', '项目H', '部门C', '软件质量', 'V1', '100%', 'V1', '假如这是一个模块');
INSERT INTO `x_bug` VALUES ('21955', '这是一个bug标题', '软件BUG', 'normal', '验证通过', '软件测试小F', '2024-09-18 10:16:22', '小李', '2024-09-14 09:57:20', '0', '', '功能缺陷', '项目D', '部门C', '软件质量', 'V2', '100%', 'V1', '假如这是一个模块');
INSERT INTO `x_bug` VALUES ('21957', '这是一个bug标题', '软件BUG', 'normal', '验证通过', '软件测试小F', '2024-09-18 10:29:22', '小李', '2024-09-14 09:57:17', '0', '', '功能缺陷', '项目D', '部门C', '软件质量', 'V2', '100%', 'V1', '假如这是一个模块');
INSERT INTO `x_bug` VALUES ('21960', '这是一个bug标题', '软件BUG', 'normal', '验证通过', '软件测试小I', '2024-09-18 11:21:58', '小李', '2024-09-18 13:50:30', '0', '', '功能缺陷', '项目H', '部门C', '软件质量', 'V1', '100%', 'V1', '假如这是一个模块');
INSERT INTO `x_bug` VALUES ('21963', '这是一个bug标题', '软件BUG', 'normal', '验证通过', '软件测试小I', '2024-09-18 11:27:16', '小李', '2024-09-18 13:47:45', '0', '', '功能缺陷', '项目H', '部门C', '软件质量', 'V1', '100%', 'V1', '假如这是一个模块');
INSERT INTO `x_bug` VALUES ('21975', '这是一个bug标题', '软件BUG', 'normal', '验证通过', '软件测试小I', '2024-09-18 15:46:52', '小李', '2024-09-18 13:44:19', '0', '', '功能缺陷', '项目H', '部门C', '软件质量', 'V1', '100%', 'V1', '假如这是一个模块');
INSERT INTO `x_bug` VALUES ('22035', '这是一个bug标题', '软件BUG', 'critical', '验证通过', '软件测试小D', '2024-09-19 15:53:57', '小王', '2024-09-27 14:46:12', '0', '', '功能缺陷', '项目G', '部门D', '软件质量', 'V1', '100%', 'V1', '假如这是一个模块');
INSERT INTO `x_bug` VALUES ('22038', '这是一个bug标题', '软件BUG', 'minor', '验证通过', '软件测试小I', '2024-09-19 16:20:50', '小李', '2024-09-18 11:49:16', '0', '', '功能缺陷', '项目H', '部门C', '软件质量', 'V1', '100%', 'V1', '假如这是一个模块');
INSERT INTO `x_bug` VALUES ('22044', '这是一个bug标题', '软件BUG', 'minor', '验证通过', '软件测试小I', '2024-09-19 16:42:11', '小李', '2024-09-18 11:45:05', '0', '', '功能缺陷', '项目H', '部门C', '软件质量', 'V1', '100%', 'V1', '假如这是一个模块');
INSERT INTO `x_bug` VALUES ('22055', '这是一个bug标题', '软件BUG', 'normal', '验证通过', '软件测试小I', '2024-09-20 09:45:35', '小李', '2024-09-18 11:43:00', '0', '', '功能缺陷', '项目H', '部门C', '软件质量', 'V1', '100%', 'V1', '假如这是一个模块');
INSERT INTO `x_bug` VALUES ('22056', '这是一个bug标题', '软件BUG', 'normal', '验证通过', '软件测试小I', '2024-09-20 09:56:59', '小李', '2024-09-18 17:50:51', '0', '', '功能缺陷', '项目H', '部门C', '软件质量', 'V1', '100%', 'V1', '假如这是一个模块');
INSERT INTO `x_bug` VALUES ('22059', '这是一个bug标题', '软件BUG', 'minor', '验证通过', '软件测试小I', '2024-09-20 10:04:29', '小李', '2024-09-18 11:38:44', '0', '', '功能缺陷', '项目H', '部门C', '软件质量', 'V1', '100%', 'V1', '假如这是一个模块');
INSERT INTO `x_bug` VALUES ('22064', '这是一个bug标题', '软件BUG', 'minor', '验证通过', '软件测试小I', '2024-09-20 11:26:10', '小李', '2024-09-18 11:35:15', '0', '', '功能缺陷', '项目H', '部门C', '软件质量', 'V1', '100%', 'V1', '假如这是一个模块');
INSERT INTO `x_bug` VALUES ('22068', '这是一个bug标题', '软件BUG', 'minor', '验证通过', '软件测试小I', '2024-09-20 13:43:49', '小李', '2024-09-27 10:44:12', '0', '', '功能缺陷', '项目H', '部门C', '软件质量', 'V1', '100%', 'V1', '假如这是一个模块');
INSERT INTO `x_bug` VALUES ('22071', '这是一个bug标题', '软件BUG', 'minor', '验证通过', '软件测试小I', '2024-09-20 13:56:37', '小李', '2024-09-18 11:23:04', '0', '', '功能缺陷', '项目H', '部门C', '软件质量', 'V1', '100%', 'V1', '假如这是一个模块');
INSERT INTO `x_bug` VALUES ('22078', '这是一个bug标题', '软件BUG', 'minor', '验证通过', '软件测试小I', '2024-09-20 15:41:09', '小李', '2024-09-18 11:20:48', '0', '', '功能缺陷', '项目H', '部门C', '软件质量', 'V1', '100%', 'V1', '假如这是一个模块');
INSERT INTO `x_bug` VALUES ('22192', '这是一个bug标题', '软件BUG', 'major', '非缺陷', '软件测试小D', '2024-09-24 11:42:19', '小王', '2024-09-27 18:13:03', '0', '', '功能缺陷', '项目G', '部门D', '软件质量', 'V1', '100%', 'V1', '假如这是一个模块');
INSERT INTO `x_bug` VALUES ('22200', '这是一个bug标题', '软件BUG', 'major', '验证通过', '软件测试小C', '2024-09-24 14:20:14', '小王', '2024-09-27 17:30:44', '0', '', '功能缺陷', '项目G', '部门D', '软件质量', 'V1', '100%', 'V1', '假如这是一个模块');
INSERT INTO `x_bug` VALUES ('22223', '这是一个bug标题', '软件BUG', 'minor', '验证通过', '软件测试小I', '2024-09-25 09:38:10', '小李', '2024-01-02 17:40:45', '0', '', '功能缺陷', '项目H', '部门C', '软件质量', 'V1', '100%', 'V1', '假如这是一个模块');
INSERT INTO `x_bug` VALUES ('22225', '这是一个bug标题', '软件BUG', 'normal', '验证通过', '软件测试小I', '2024-09-25 09:48:47', '小李', '2024-01-02 17:44:07', '0', '', '功能缺陷', '项目H', '部门C', '软件质量', 'V1', '100%', 'V1', '假如这是一个模块');
INSERT INTO `x_bug` VALUES ('22226', '这是一个bug标题', '软件BUG', 'minor', '验证通过', '软件测试小I', '2024-09-25 09:56:45', '小李', '2024-01-18 14:04:06', '0', '', '需求与建议', '项目H', '部门C', '产品需求', 'V1', '100%', 'V1', '假如这是一个模块');
INSERT INTO `x_bug` VALUES ('22228', '这是一个bug标题', '软件BUG', 'normal', '验证通过', '软件测试小I', '2024-09-25 10:27:40', '小李', '2024-01-02 10:49:14', '0', '', '功能缺陷', '项目H', '部门C', '软件质量', 'V1', '100%', 'V1', '假如这是一个模块');
INSERT INTO `x_bug` VALUES ('22233', '这是一个bug标题', '软件BUG', 'normal', '验证通过', '软件测试小D', '2024-09-25 11:10:59', '小王', '2024-01-02 15:20:18', '0', '', '功能缺陷', '项目G', '部门D', '软件质量', 'V1', '100%', 'V1', '假如这是一个模块');
INSERT INTO `x_bug` VALUES ('22242', '这是一个bug标题', '软件BUG', 'major', '验证通过', '软件测试小D', '2024-09-25 14:19:20', '小王', '2024-09-27 16:33:49', '0', '', '功能缺陷', '项目G', '部门D', '软件质量', 'V1', '100%', 'V1', '假如这是一个模块');
INSERT INTO `x_bug` VALUES ('22248', '这是一个bug标题', '软件BUG', 'normal', '验证通过', '软件测试小I', '2024-09-25 18:40:03', '小李', '2024-01-02 10:45:46', '0', '', '功能缺陷', '项目H', '部门C', '软件质量', 'V1', '100%', 'V1', '假如这是一个模块');
INSERT INTO `x_bug` VALUES ('22273', '这是一个bug标题', '软件BUG', 'normal', '验证通过', '软件测试小I', '2024-10-02 14:20:46', '小李', '2024-01-22 18:31:52', '0', '', '功能缺陷', '项目H', '部门C', '软件质量', 'V1', '100%', 'V1', '假如这是一个模块');
INSERT INTO `x_bug` VALUES ('22274', '这是一个bug标题', '软件BUG', 'minor', '验证通过', '软件测试小I', '2024-10-02 14:21:45', '小李', '2024-01-02 10:40:08', '0', '', '功能缺陷', '项目H', '部门C', '软件质量', 'V1', '100%', 'V1', '假如这是一个模块');
INSERT INTO `x_bug` VALUES ('22279', '这是一个bug标题', '软件BUG', 'normal', '验证通过', '软件测试小I', '2024-10-02 14:27:13', '小李', '2024-01-18 10:48:09', '1', '2024-01', '需求与建议', '项目H', '部门C', '产品需求', 'V1', '100%', 'V1', '假如这是一个模块');
INSERT INTO `x_bug` VALUES ('22310', '这是一个bug标题', '软件BUG', 'major', '验证通过', '软件测试小C', '2024-10-03 11:23:08', '小王', '2024-03-29 16:42:55', '0', '', '功能缺陷', '项目F', '其它', '软件质量', 'V1', '100%', 'V1', '假如这是一个模块');

-- ----------------------------
-- Table structure for x_commit
-- ----------------------------
DROP TABLE IF EXISTS `x_commit`;
CREATE TABLE `x_commit`  (
  `commit_id` varchar(64) CHARACTER SET utf8mb3 COLLATE utf8mb3_bin NOT NULL,
  `user_id` varchar(64) CHARACTER SET utf8mb4 COLLATE utf8mb4_general_ci NULL DEFAULT NULL COMMENT '用户id',
  `commit_date` datetime(0) NULL DEFAULT NULL COMMENT '提交时间',
  `committer_email` varchar(255) CHARACTER SET utf8mb3 COLLATE utf8mb3_bin NULL DEFAULT NULL,
  `user_name` varchar(255) CHARACTER SET utf8mb4 COLLATE utf8mb4_general_ci NULL DEFAULT NULL COMMENT '提交人',
  `title` longtext CHARACTER SET utf8mb4 COLLATE utf8mb4_general_ci NULL COMMENT '标题',
  `project_id` varchar(64) CHARACTER SET utf8mb4 COLLATE utf8mb4_general_ci NULL DEFAULT NULL COMMENT '项目id',
  `message` longtext CHARACTER SET utf8mb4 COLLATE utf8mb4_general_ci NULL COMMENT '提交信息',
  `additions` int(0) NULL DEFAULT NULL COMMENT '新增量',
  `deletions` int(0) NULL DEFAULT NULL COMMENT '删除量',
  `total` int(0) NULL DEFAULT NULL COMMENT '提交总量',
  `storage_id` int(0) NULL DEFAULT NULL COMMENT '仓库id',
  `branches_name` varchar(255) CHARACTER SET utf8mb4 COLLATE utf8mb4_general_ci NULL DEFAULT NULL COMMENT '分支名',
  PRIMARY KEY (`commit_id`) USING BTREE
) ENGINE = InnoDB CHARACTER SET = utf8mb4 COLLATE = utf8mb4_general_ci ROW_FORMAT = Dynamic;

-- ----------------------------
-- Records of x_commit
-- ----------------------------
INSERT INTO `x_commit` VALUES ('035ffab2094edfc7ad20573b91e1e1d7b7ecb812', '测试A#11', '2024-07-03 15:49:00', 'xxxxx@qq.com', '测试A', '【修改内容】 :', '2#11', '【修改内容】 :\n新增系统功能：\n测试提交（刷数）\r\n\n【影响范围】 : 测试提交（刷数）\r\n\n', 411, 1, 412, 11, NULL);
INSERT INTO `x_commit` VALUES ('0537313fed4352ca32ba83d447b0b2b5d532f811', '测试B#11', '2024-06-25 16:43:17', '365627310@qq.com', '测试B', '【修改内容】 ：', '134#11', '【修改内容】 ：\n测试提交（刷数）\n【影响范围】 : 测试提交（刷数）\n', 22, 0, 22, 11, NULL);
INSERT INTO `x_commit` VALUES ('061e8ae8a5962451eef116c1fe7d207fd1b0a9a1', '测试B#11', '2024-06-01 10:48:22', '365627310@qq.com', '测试B', '【修改内容】 ：', '134#11', '【修改内容】 ：\n测试提交（刷数）\n【影响范围】 : 测试提交（刷数）\n', 27, 35, 62, 11, NULL);
INSERT INTO `x_commit` VALUES ('06ac8e7e2a2076a2c8dc517b5d65e76e7c04330a', '测试A#11', '2024-08-06 19:37:39', 'xxxxx@qq.com', '测试A', '【修改内容】 :', '457#11', '【修改内容】 :\n测试提交（刷数）\n【影响范围】 : 测试提交（刷数）\n', 145, 11, 156, 11, NULL);
INSERT INTO `x_commit` VALUES ('08c940ce803c13eea8a7ad77ad66a2297ed19d82', '测试B#11', '2024-07-08 10:39:53', '365627310@qq.com', '测试B', '【修改内容】 ：', '193#11', '【修改内容】 ：\n测试提交（刷数）\n【影响范围】 : 测试提交（刷数）\n', 52, 20, 72, 11, NULL);
INSERT INTO `x_commit` VALUES ('0a8b73709d36a8b09d466f1e2564bd6b70e307f4', '测试B#11', '2024-04-21 18:04:36', '365627310@qq.com', '测试B', '【修改内容】 :', '432#11', '【修改内容】 :\n测试提交（刷数）\n【影响范围】 :页面\n', 469, 132, 601, 11, NULL);
INSERT INTO `x_commit` VALUES ('0c008ed5909945572f340a877072d1124023006d', '测试A#11', '2024-08-13 10:59:20', 'xxxxx@qq.com', '测试A', '【修改内容】 :', '457#11', '【修改内容】 :\n测试提交（刷数）\n【影响范围】 : 系统鉴权\n', 43, 31, 74, 11, NULL);
INSERT INTO `x_commit` VALUES ('0c65bdd231e8b060789e2f03a0c42a1201ca6100', '测试B#11', '2024-06-29 10:53:57', '365627310@qq.com', '测试B', '【修改内容】 ：', '134#11', '【修改内容】 ：\n抽象类加hashCode被去重bug\n【影响范围】 : 测试提交（刷数）\n', 60, 9, 69, 11, NULL);
INSERT INTO `x_commit` VALUES ('0ee383793fada8983aea4c83c885fb983ecdbd5a', '测试B#11', '2024-06-22 15:57:41', '365627310@qq.com', '测试B', '【修改内容】 ：', '432#11', '【修改内容】 ：\n修改授权关系逻辑以业务id为绑定关系\n自测调整\n【影响范围】 : 测试提交（刷数）\n', 360, 225, 585, 11, NULL);
INSERT INTO `x_commit` VALUES ('0f3888f9b331c1164ea4eea9d6910038397f2a3c', '测试B#11', '2024-07-21 17:12:01', '365627310@qq.com', '测试B', '【修改内容】 ：', '193#11', '【修改内容】 ：\n创建时的类型错误bug\n【影响范围】 : 测试提交（刷数）\n', 31, 4, 35, 11, NULL);
INSERT INTO `x_commit` VALUES ('101534bca93c7251aa503cddbb83d4e6d14703ed', '测试A#11', '2024-07-06 13:32:11', 'xxxxx@qq.com', '测试A', '【修改内容】', '457#11', '【修改内容】\n测试提交（刷数）\n【影响范围】\n  1.创建账号\n  2.创建角色\n', 65, 4, 69, 11, NULL);
INSERT INTO `x_commit` VALUES ('12903010c46fa7b3450394d7166c803d76f2a5f4', '测试B#11', '2024-05-19 18:09:34', '365627310@qq.com', '测试B', '【修改内容】 ：', '193#11', '【修改内容】 ：\n阿里巴巴规范\n【影响范围】 : 全部\n', 230, 114, 344, 11, NULL);
INSERT INTO `x_commit` VALUES ('153525ed479336f828d810008e87981ac73e7ff8', '测试B#11', '2024-04-12 15:17:59', '365627310@qq.com', '测试B', '【修改内容】 :', '404#11', '【修改内容】 :\n修复导出问题\n【影响范围】 : 导出\n', 42, 23, 65, 11, NULL);
INSERT INTO `x_commit` VALUES ('16e3ff2a370ed56668f2260baecece214df6b972', '测试A#11', '2024-06-05 15:36:02', 'xxxxx@qq.com', '测试A', '【修改内容】:', '108#11', '【修改内容】:\n  测试提交（刷数）\n【影响范围】:\n 测试提交（刷数）\n', 135, 8, 143, 11, NULL);
INSERT INTO `x_commit` VALUES ('17bae3f536e082cb92a0d5d5927dfc8bf5c631ae', '测试B#11', '2024-05-01 11:02:17', '365627310@qq.com', '测试B', '【修改内容】 :', '193#11', '【修改内容】 :\n测试提交（刷数）\n【影响范围】 : 测试提交（刷数）\n', 36, 3, 39, 11, NULL);
INSERT INTO `x_commit` VALUES ('194e0f6a45b8990653946caf39092486c58c1bde', '测试B#11', '2024-06-25 15:42:48', '365627310@qq.com', '测试B', '【修改内容】 :', '2#11', '【修改内容】 :\n升级版本 2.1.0->2.1.1\n【影响范围】 : 版本号\n', 23, 23, 46, 11, NULL);
INSERT INTO `x_commit` VALUES ('19a35be6e5ccb684041fc54ff1f069f28900e2aa', '测试A#11', '2024-06-10 13:43:27', 'xxxxx@qq.com', '测试A', '【修改内容】:', '120#11', '【修改内容】:\n  测试提交（刷数）\n【影响范围】：测试提交（刷数）\n', 261, 37, 298, 11, NULL);
INSERT INTO `x_commit` VALUES ('1a775e6fbba81ca690139b2880d556677bbc64eb', '测试A#11', '2024-07-13 11:04:25', 'xxxxx@qq.com', '测试A', '【修改内容】', '457#11', '【修改内容】\n测试提交（刷数）\n【影响范围】\n测试提交（刷数）\n', 82, 73, 155, 11, NULL);
INSERT INTO `x_commit` VALUES ('1ac9b54eb71589046a3bce4f6c963817a53a5fe2', '测试B#11', '2024-07-17 17:02:17', '365627310@qq.com', '测试B', '[修改内容] :', '272#11', '[修改内容] :\n测试提交（刷数）\n[影响范围] : 全部\n', 44, 8, 52, 11, NULL);
INSERT INTO `x_commit` VALUES ('1ca7830bb0b4dba4a08666953a86a102329f44bc', '测试A#11', '2024-07-08 15:20:22', 'xxxxx@qq.com', '测试A', '【修改内容】:', '120#11', '【修改内容】:\n  测试提交（刷数）\n【影响范围】：账号查询\n', 45, 28, 73, 11, NULL);
INSERT INTO `x_commit` VALUES ('1e4faf959dcb06910da02ba456d24c2c5e3038a8', '测试A#11', '2024-07-07 18:07:30', 'xxxxx@qq.com', '测试A', '【修改内容】', '457#11', '【修改内容】\n测试提交（刷数）\n【影响范围】\n  1.创建账户\n  2.设置权限\n', 31, 15, 46, 11, NULL);
INSERT INTO `x_commit` VALUES ('1e5a90dd6b100de0a2a7c8b42e4f86aabe0f518f', '测试B#11', '2024-05-19 11:15:29', '365627310@qq.com', '测试B', '【修改内容】 ：', '193#11', '【修改内容】 ：\n提交\n【影响范围】 : 查询\n', 23, 7, 30, 11, NULL);
INSERT INTO `x_commit` VALUES ('1ef43b7a0262d844b57fd5c5464a81f1f1c0e794', '测试A#11', '2024-07-07 13:18:24', 'xxxxx@qq.com', '测试A', '【修改内容】', '457#11', '【修改内容】\n 测试提交（刷数）\n【影响范围】\n  数据权限\n', 51, 41, 92, 11, NULL);
INSERT INTO `x_commit` VALUES ('212c9b33c508ff7be881064579ea247371f3cf36', '测试B#11', '2024-08-24 14:24:59', '365627310@qq.com', '测试B', '[修改内容] :', '272#11', '[修改内容] :\n联调\n[影响范围] : 测试提交（刷数）\n', 175, 61, 236, 11, NULL);
INSERT INTO `x_commit` VALUES ('227f758639bbabad3f20248d50e49316110f1c9e', '测试B#11', '2024-05-19 15:53:17', '365627310@qq.com', '测试B', '【修改内容】 :', '337#11', '【修改内容】 :\n阿里巴巴规范\n【影响范围】 :全部\n', 87, 53, 140, 11, NULL);
INSERT INTO `x_commit` VALUES ('24ed1f27bae9e6be595060b69fd88d2b3f12aa6c', '测试A#11', '2024-07-01 09:32:38', 'xxxxx@qq.com', '测试A', '【修改内容】 :', '2#11', '【修改内容】 :\n  测试提交（刷数）\n【影响范围】 : 测试提交（刷数）\n', 35, 0, 35, 11, NULL);
INSERT INTO `x_commit` VALUES ('251f256f84df30c1618789ba22c7eefa9ca9d71c', '测试A#11', '2024-07-17 13:51:01', 'xxxxx@qq.com', '测试A', '【修改内容】 :', '2#11', '【修改内容】 :\n测试提交（刷数）\n【影响范围】 : 测试提交（刷数）\n', 21, 2, 23, 11, NULL);
INSERT INTO `x_commit` VALUES ('25ad32b92232106ddd86a7dca6725344fee6f6db', '测试A#11', '2024-07-31 14:18:00', 'xxxxx@qq.com', '测试A', '【修改内容】 :', '2#11', '【修改内容】 :\n测试提交（刷数）\n【影响范围】 : 测试提交（刷数）\n', 26, 1, 27, 11, NULL);
INSERT INTO `x_commit` VALUES ('26e7a43ea31007a6c2233da5128dac3c2b39cfd8', '测试A#11', '2024-08-07 16:49:52', 'xxxxx@qq.com', '测试A', '【修改内容】 :', '2#11', '【修改内容】 :\n测试提交（刷数）\n【影响范围】 : 测试提交（刷数）\n', 105, 4, 109, 11, NULL);
INSERT INTO `x_commit` VALUES ('28386710b93ba2529a9fca67301a00d6adc8d3ae', '测试A#11', '2024-07-08 16:55:32', 'xxxxx@qq.com', '测试A', '【修改内容】', '457#11', '【修改内容】\n测试提交（刷数）\n【影响范围】\n  1.超级系统管理员获取菜单权限\n  2.Code Review\n', 65, 72, 137, 11, NULL);
INSERT INTO `x_commit` VALUES ('285c1c3d030b292ab8a690215fe9fac5717bfc28', '测试A#11', '2024-06-10 13:19:32', 'xxxxx@qq.com', '测试A', '【修改内容】', '457#11', '【修改内容】\n 测试提交（刷数）\n【影响范围】\n  系统管理模块\n', 51, 28, 79, 11, NULL);
INSERT INTO `x_commit` VALUES ('29fbf8a27ba6b63cc989cb3bed6a7e54ee2f5a73', '测试A#11', '2024-05-13 15:24:22', 'xxxxx@qq.com', '测试A', '【修改内容】:', '108#11', '【修改内容】:\n  新增全局唯一ID工具类\n【影响范围】:\n测试提交（刷数）\n', 168, 0, 168, 11, NULL);
INSERT INTO `x_commit` VALUES ('2c737e6c5fe489e39cc3f21fb7a8dbddfe51abe1', '测试B#11', '2024-05-21 10:48:13', '365627310@qq.com', '测试B', '【修改内容】 :', '432#11', '【修改内容】 :\n预演\n【影响范围】 :测试提交（刷数）\n', 339, 111, 450, 11, NULL);
INSERT INTO `x_commit` VALUES ('2cf8bbc163138ea67c3f871cea00085d87d366d7', '测试B#11', '2024-07-30 16:06:01', '365627310@qq.com', '测试B', '[修改内容] :', '272#11', '[修改内容] :\n测试提交（刷数）\n[影响范围] : 测试提交（刷数）\n', 236, 24, 260, 11, NULL);
INSERT INTO `x_commit` VALUES ('2d55112f6f5ebeb33cd2cf7bbf1cf1da1c82a3e7', '测试B#11', '2024-05-19 17:57:00', '365627310@qq.com', '测试B', '【修改内容】 :', '2#11', '【修改内容】 :\n阿里巴巴规范\n【影响范围】 : 全部\n', 237, 269, 506, 11, NULL);
INSERT INTO `x_commit` VALUES ('2ede822d0d13a8b4fdd2f7a695fdcd1204d8bf9b', '测试A#11', '2024-07-14 14:50:50', 'xxxxx@qq.com', '测试A', '【修改内容】', '457#11', '【修改内容】\n  测试提交（刷数）\n【影响范围】\n  测试提交（刷数）\n', 190, 36, 226, 11, NULL);
INSERT INTO `x_commit` VALUES ('30fedbe04332f26daaa6d9245ba7a188ceef42b4', '测试A#11', '2024-08-04 14:50:36', 'xxxxx@qq.com', '测试A', '【修改内容】 :', '457#11', '【修改内容】 :\n  测试提交（刷数）\n【影响范围】 :  测试提交（刷数）\n', 239, 12, 251, 11, NULL);
INSERT INTO `x_commit` VALUES ('3104cd13bad491e30e7332b48f2e3ef6b23d2229', '测试B#11', '2024-04-17 17:18:55', '365627310@qq.com', '测试B', '【修改内容】 :', '432#11', '【修改内容】 :\n  测试提交（刷数）\n【影响范围】 :  测试提交（刷数）\n', 272, 28, 300, 11, NULL);
INSERT INTO `x_commit` VALUES ('31488e57c1c4e74b55fb3a372f127ec90f908734', '测试A#11', '2024-05-15 18:08:22', 'xxxxx@qq.com', '测试A', '【修改内容】', '457#11', '【修改内容】\n  框架搭建\n【影响范围】\n  无\n', 44, 0, 44, 11, NULL);
INSERT INTO `x_commit` VALUES ('34517e9c260981eee42601457f3c337747f55b85', '测试B#11', '2024-06-10 14:36:26', '365627310@qq.com', '测试B', '【修改内容】 :', '2#11', '【修改内容】 :\n  测试提交（刷数）\n【影响范围】 :   测试提交（刷数）\n', 367, 7, 374, 11, NULL);
INSERT INTO `x_commit` VALUES ('3513d5faf64626662a57f62a3e2dff31a8b1b8be', '测试B#11', '2024-04-22 14:56:34', '365627310@qq.com', '测试B', '【修改内容】 :', '432#11', '【修改内容】 :\n  测试提交（刷数）\n【影响范围】 :  测试提交（刷数）\n', 166, 235, 401, 11, NULL);
INSERT INTO `x_commit` VALUES ('35ee7d7c2908cb9058d19ca5e7915bea39ad20f8', '测试B#11', '2024-08-19 10:42:55', '365627310@qq.com', '测试B', '【修改内容】 ：', '134#11', '【修改内容】 ：\n日志收集添加缓存，冷却，批处理机制\n【影响范围】 : 属性收集模块\n', 253, 17, 270, 11, NULL);
INSERT INTO `x_commit` VALUES ('36b0c012f06e8d182bce11a5f5f1d88190479f71', '测试B#11', '2024-05-19 14:47:41', '365627310@qq.com', '测试B', '【修改内容】 :', '2#11', '【修改内容】 :\n阿里巴巴规范\n【影响范围】 : 全部\n', 368, 427, 795, 11, NULL);
INSERT INTO `x_commit` VALUES ('37b70b7c14aa31869ad481b49e96646d4cb1c164', '测试B#11', '2024-04-17 15:12:31', '365627310@qq.com', '测试B', '【修改内容】 :', '134#11', '【修改内容】 :\n  测试提交（刷数）\n【影响范围】 :   测试提交（刷数）\n', 93, 33, 126, 11, NULL);
INSERT INTO `x_commit` VALUES ('38815b6b6f33aa28d3f396fd4d953498a7140515', '测试B#11', '2024-04-14 13:56:42', '365627310@qq.com', '测试B', '【修改内容】 :', '108#11', '【修改内容】 :\n  测试提交（刷数）\n【影响范围】: 规则引擎\n', 239, 1, 240, 11, NULL);
INSERT INTO `x_commit` VALUES ('39c14ddf5fd5df283307c0847e1b37fc589e9dbe', '测试A#11', '2024-06-05 17:36:04', 'xxxxx@qq.com', '测试A', '【修改内容】', '457#11', '【修改内容】\n  新增数据库自增ID实现\n【影响范围】\n  自增算法算法\n', 82, 0, 82, 11, NULL);
INSERT INTO `x_commit` VALUES ('39dec8218bc084769e3488a788c03ec7b8d9923f', '测试B#11', '2024-07-02 16:37:44', '365627310@qq.com', '测试B', '【修改内容】 ：', '432#11', '【修改内容】 ：\n回滚entry包下的类\n【影响范围】 : entry\n', 102, 108, 210, 11, NULL);
INSERT INTO `x_commit` VALUES ('3ab4fcce822b340a666994512ad1237edda4211b', '测试A#11', '2024-07-17 11:13:25', 'xxxxx@qq.com', '测试A', '【修改内容】:', '119#11', '【修改内容】:\n  测试提交（刷数）\n【影响范围】：应用模块\n', 68, 0, 68, 11, NULL);
INSERT INTO `x_commit` VALUES ('3b455dcf3950a0edd964c8c303ebc581def30f51', '测试B#11', '2024-06-25 09:15:53', '365627310@qq.com', '测试B', '【修改内容】 ：', '432#11', '【修改内容】 ：\n  测试提交（刷数）\n【影响范围】 :   测试提交（刷数）\n', 146, 99, 245, 11, NULL);
INSERT INTO `x_commit` VALUES ('3b4595b04ce48963d94ceb7d534ecaa5b69a6836', '测试A#11', '2024-06-10 13:47:21', 'xxxxx@qq.com', '测试A', '【修改内容】 :', '2#11', '【修改内容】 :\n  1.  测试提交（刷数）\n【影响范围】 : 数据中心\n', 304, 1, 305, 11, NULL);
INSERT INTO `x_commit` VALUES ('3c3d9ee523a838fb06e0666a9f3b04f6a4392cd4', '测试B#11', '2024-08-05 14:26:58', '365627310@qq.com', '测试B', '[修改内容] :', '272#11', '[修改内容] :\n修复bug\n[影响范围] : 全部\n', 160, 24, 184, 11, NULL);
INSERT INTO `x_commit` VALUES ('3c4750a824747204adf0c0c6b5253ac2834835c1', '测试B#11', '2024-05-29 13:35:39', '365627310@qq.com', '测试B', '【修改内容】 :', '404#11', '【修改内容】 :\n阿里巴巴规范\n【影响范围】 : 全部\n', 101, 27, 128, 11, NULL);
INSERT INTO `x_commit` VALUES ('44c88ce55a95e61e2ac4d6f24c733924147c6b9f', '测试B#11', '2024-06-05 10:39:22', '365627310@qq.com', '测试B', '【修改内容】 ：', '134#11', '【修改内容】 ：\n抽象类加hashCode被去重bug\n【影响范围】 : 属性处理\n', 60, 9, 69, 11, NULL);
INSERT INTO `x_commit` VALUES ('4648b34ab214b41440f1eac41ad79415791a8feb', '测试A#11', '2024-05-13 17:46:54', 'xxxxx@qq.com', '测试A', '【修改内容】 :', '2#11', '【修改内容】 :\n  测试提交（刷数）\n【影响范围】 : 抽取数据同步公共服务\n', 72, 4, 76, 11, NULL);
INSERT INTO `x_commit` VALUES ('47b18638fd49637f5cd0c3a063f4c1109363559a', '测试A#11', '2024-07-13 11:03:18', 'xxxxx@qq.com', '测试A', '【修改内容】', '457#11', '【修改内容】\ncode review调整\n【影响范围】\n  测试提交（刷数）\n', 82, 73, 155, 11, NULL);
INSERT INTO `x_commit` VALUES ('4864e9f0fcdecafb846f5f580ad482068238695c', '测试B#11', '2024-07-30 09:25:01', '365627310@qq.com', '测试B', '【修改内容】 ：', '134#11', '【修改内容】 ：\nip限流桶\n【影响范围】 :   测试提交（刷数）\n', 99, 1, 100, 11, NULL);
INSERT INTO `x_commit` VALUES ('4a7e1f0f92a64a55791ee6976ed2c916fbf223e0', '测试A#11', '2024-06-23 15:14:16', 'xxxxx@qq.com', '测试A', '【修改内容】:', '119#11', '【修改内容】:\n  测试提交（刷数）\n【影响范围】：账号管理\n', 55, 1, 56, 11, NULL);
INSERT INTO `x_commit` VALUES ('4a9529e9e384c911e4970fa32872930a58ed53f6', '测试B#11', '2024-06-12 18:10:51', '365627310@qq.com', '测试B', '【修改内容】 ：', '432#11', '【修改内容】 ：\n  测试提交（刷数）\n【影响范围】 :   测试提交（刷数）\n', 349, 15, 364, 11, NULL);
INSERT INTO `x_commit` VALUES ('4c96b3eacab2ac09826a5d4df7bdfdecc4697ffc', '测试A#11', '2024-08-06 19:39:22', 'xxxxx@qq.com', '测试A', '【修改内容】 :', '2#11', '【修改内容】 :\n  测试提交（刷数）\n【影响范围】 :   测试提交（刷数）\n', 148, 0, 148, 11, NULL);
INSERT INTO `x_commit` VALUES ('4cd3a9d981b2c6858dcbbf9706ba46f8e9453406', '测试B#11', '2024-07-15 18:13:30', '365627310@qq.com', '测试B', '【修改内容】 ：', '193#11', '【修改内容】 ：\n  测试提交（刷数）\n【影响范围】 :   测试提交（刷数）\n', 66, 6, 72, 11, NULL);
INSERT INTO `x_commit` VALUES ('4e1fd4623130fcbb9b0457213ff121590ca4527a', '测试A#11', '2024-07-20 10:51:53', 'xxxxx@qq.com', '测试A', '【修改内容】:', '279#11', '【修改内容】:\n    测试提交（刷数）\n【影响范围】：\n  地理位置中英文翻译\n', 274, 12, 286, 11, NULL);
INSERT INTO `x_commit` VALUES ('4f104f5504cd08d22e3d3c194a4dab048f103e5d', '测试A#11', '2024-07-08 15:23:13', 'xxxxx@qq.com', '测试A', '【修改内容】', '457#11', '【修改内容】\n  测试提交（刷数）\n【影响范围】\n  测试提交（刷数）\n', 28, 17, 45, 11, NULL);
INSERT INTO `x_commit` VALUES ('51b96fca34746250d0f1e7c9ffbf2ea645af78f1', '测试B#11', '2024-06-29 18:57:53', '365627310@qq.com', '测试B', '【修改内容】 :', '2#11', '【修改内容】 :\n  测试提交（刷数）\n【影响范围】 :   测试提交（刷数）\n', 367, 7, 374, 11, NULL);
INSERT INTO `x_commit` VALUES ('549997e237f25f197d45bae5f6d05d5b1860e36a', '测试B#11', '2024-05-12 10:07:41', '365627310@qq.com', '测试B', '【修改内容】 :', '404#11', '【修改内容】 :\n  测试提交（刷数）\n【影响范围】 : 导出\n', 48, 30, 78, 11, NULL);
INSERT INTO `x_commit` VALUES ('557362068b673a47a9d65be53362392d51ee6ac9', '测试A#11', '2024-07-20 15:49:28', 'xxxxx@qq.com', '测试A', '【修改内容】 :', '2#11', '【修改内容】 :\n  测试提交（刷数）\n【影响范围】 :   测试提交（刷数）\n', 28, 11, 39, 11, NULL);
INSERT INTO `x_commit` VALUES ('5a18a8a6fc43e91c02ca22aae3df4c7f6e82821e', '测试B#11', '2024-08-13 13:43:04', '365627310@qq.com', '测试B', '[修改内容] :', '272#11', '[修改内容] :\n死循环bug\n[影响范围] :   测试提交（刷数）\n', 56, 20, 76, 11, NULL);
INSERT INTO `x_commit` VALUES ('5a367fcb90baf1fcce3fc1c3d27fbc89cc5a96d7', '测试B#11', '2024-07-02 17:00:13', '365627310@qq.com', '测试B', '【修改内容】 ：', '432#11', '【修改内容】 ：\n回滚entity包下的类\n【影响范围】 : entry\n', 112, 112, 224, 11, NULL);
INSERT INTO `x_commit` VALUES ('5d2ced26b692f8dbae60d337b877545b416bfd50', '测试B#11', '2024-05-19 13:34:40', '365627310@qq.com', '测试B', '【修改内容】 :', '134#11', '【修改内容】 :\n阿里巴巴规范\n【影响范围】 :全部\n', 486, 228, 714, 11, NULL);
INSERT INTO `x_commit` VALUES ('5d8fc09e969b86ff77ec0540216fa36a61e3e044', '测试A#11', '2024-07-17 17:45:44', 'xxxxx@qq.com', '测试A', '【修改内容】', '457#11', '【修改内容】\n  测试提交（刷数）\n【影响范围】\n    测试提交（刷数）\n', 57, 1, 58, 11, NULL);
INSERT INTO `x_commit` VALUES ('5e4b0ac0272578b3524e202c968ae06d7b14093b', '测试B#11', '2024-06-29 18:54:12', '365627310@qq.com', '测试B', '【修改内容】 :', '2#11', '【修改内容】 :\n升级版本 2.1.0->2.1.1\n【影响范围】 : 版本号\n', 23, 23, 46, 11, NULL);
INSERT INTO `x_commit` VALUES ('5fbfb9953d673b0f8085880e815c5c96347dd3c7', '测试B#11', '2024-04-24 17:39:25', '365627310', '测试B', '【修改内容】 :', '272#11', '【修改内容】 :\n  测试提交（刷数）\n【影响范围】 :   测试提交（刷数）\n', 78, 8, 86, 11, NULL);
INSERT INTO `x_commit` VALUES ('608742c79018ccae730544aaf8ee0206ed53dfc7', '测试B#11', '2024-06-04 18:14:35', '365627310@qq.com', '测试B', '【修改内容】 ：', '432#11', '【修改内容】 ：\n  测试提交（刷数）\n【影响范围】 :   测试提交（刷数）\n', 490, 128, 618, 11, NULL);
INSERT INTO `x_commit` VALUES ('61d11f09f19a824e7c03b847543705738eb4165b', '测试B#11', '2024-04-23 15:27:22', '365627310@qq.com', '测试B', '【修改内容】 :', '432#11', '【修改内容】 :\n上报线程池处理\n【影响范围】 :  测试提交（刷数）\n', 107, 5, 112, 11, NULL);
INSERT INTO `x_commit` VALUES ('657aa9a8bb3c89c80097bd0a9d63b1e6217777fb', '测试A#11', '2024-07-01 15:16:09', 'xxxxx@qq.com', '测试A', '【修改内容】 :', '2#11', '【修改内容】 :\n  测试提交（刷数）\n【影响范围】 :   测试提交（刷数）\n', 25, 23, 48, 11, NULL);
INSERT INTO `x_commit` VALUES ('6863de4f1f1a872124a5438781dce1ecdf1e3207', '测试B#11', '2024-07-17 09:33:40', '365627310@qq.com', '测试B', '[修改内容] :', '272#11', '[修改内容] :\n联调调整\n[影响范围] : 全部\n', 39, 11, 50, 11, NULL);
INSERT INTO `x_commit` VALUES ('686d9a08d3a64aa672492030f8658a6592f751e8', '测试B#11', '2024-06-30 17:53:00', '365627310@qq.com', '测试B', '【修改内容】 ：', '134#11', '【修改内容】 ：\n代码缺失\n【影响范围】 : 代码合并\n', 67, 74, 141, 11, NULL);
INSERT INTO `x_commit` VALUES ('68b801e0bf8bd035620a3ac27ee238a75059f3ee', '测试B#11', '2024-04-20 11:21:21', '365627310@qq.com', '测试B', '【修改内容】 :', '432#11', '【修改内容】 :\n  测试提交（刷数）\n【影响范围】 :  测试提交（刷数）\n', 45, 63, 108, 11, NULL);
INSERT INTO `x_commit` VALUES ('6c3034b8c3888ccff3bf9a325960ca63d695b275', '测试B#11', '2024-08-19 14:32:43', '365627310@qq.com', '测试B', '【修改内容】 ：', '134#11', '【修改内容】 ：\n日志收集添加缓存，冷却，批处理机制\n【影响范围】 : 属性收集模块\n', 94, 63, 157, 11, NULL);
INSERT INTO `x_commit` VALUES ('6dbd55ccc183d2296db107872948878589656a9e', '测试B#11', '2024-06-01 11:12:56', '365627310@qq.com', '测试B', '【修改内容】 ：', '134#11', '【修改内容】 ：\n  测试提交（刷数）\n【影响范围】 :   测试提交（刷数）\n', 27, 35, 62, 11, NULL);
INSERT INTO `x_commit` VALUES ('6ff7954af465f66b6070107ae95bb4e68b513764', '测试B#11', '2024-06-24 10:46:51', '365627310@qq.com', '测试B', '【修改内容】 ：', '432#11', '【修改内容】 ：\n  测试提交（刷数）\n【影响范围】 :   测试提交（刷数）\n', 128, 40, 168, 11, NULL);
INSERT INTO `x_commit` VALUES ('714403bb08c33de860f12155c599e40166e4655e', '测试B#11', '2024-07-30 15:09:20', '365627310@qq.com', '测试B', '【修改内容】 :', '2#11', '【修改内容】 :\n1、预演动态国际化配置\n2、开启设备服务事务\n【影响范围】 : 无\n', 174, 0, 174, 11, NULL);
INSERT INTO `x_commit` VALUES ('72734d8ca51c1f766f2de392722faf6f400b474b', '测试A#11', '2024-08-07 13:31:24', 'xxxxx@qq.com', '测试A', '【修改内容】 :', '457#11', '【修改内容】 :\n  测试提交（刷数）\n【影响范围】 :   测试提交（刷数）\n', 25, 1, 26, 11, NULL);
INSERT INTO `x_commit` VALUES ('729cc2e63f2d243130cb09afac4bfb14ce0ab6ca', '测试A#11', '2024-05-28 14:29:13', 'xxxxx@qq.com', '测试A', '【修改内容】', '457#11', '【修改内容】\n  提交公共类\n【影响范围】\n  系统管理模块\n', 368, 7, 375, 11, NULL);
INSERT INTO `x_commit` VALUES ('730269f50efa9ca0e340053b888ca9f651a1c31b', '测试A#11', '2024-06-17 13:18:45', 'xxxxx@qq.com', '测试A', '【修改内容】', '457#11', '【修改内容】\n  测试提交（刷数）\n【影响范围】\n  系统管理模块\n', 60, 13, 73, 11, NULL);
INSERT INTO `x_commit` VALUES ('73f22e3b4bbf65e587201e8d130d28af11cb2416', '测试A#11', '2024-07-23 16:55:53', 'xxxxx@qq.com', '测试A', '【修改内容】', '457#11', '【修改内容】\n  测试提交（刷数）\n【影响范围】\n    测试提交（刷数）\n', 179, 78, 257, 11, NULL);
INSERT INTO `x_commit` VALUES ('74172719b32da8378b98483c8bc14330c0ffd76e', '测试B#11', '2024-08-06 17:00:11', '365627310@qq.com', '测试B', '[修改内容] :', '272#11', '[修改内容] :\n  测试提交（刷数）\n[影响范围] :   测试提交（刷数）\n', 60, 2, 62, 11, NULL);
INSERT INTO `x_commit` VALUES ('75861daeb71ae8450ee4b9dc96487e5e7170a8e6', '测试B#11', '2024-05-19 16:00:04', '365627310@qq.com', '测试B', '【修改内容】 :', '2#11', '【修改内容】 :\n阿里巴巴规范\n【影响范围】 : 全部\n', 346, 406, 752, 11, NULL);
INSERT INTO `x_commit` VALUES ('7ae3e2403937d11048b2f15c065e65e7480dd5da', '测试A#11', '2024-08-13 15:37:37', 'xxxxx@qq.com', '测试A', '【修改内容】 :', '457#11', '【修改内容】 :\n  测试提交（刷数）\n【影响范围】 :   测试提交（刷数）\n', 54, 25, 79, 11, NULL);
INSERT INTO `x_commit` VALUES ('7e64121779d9c1d52b03c37d42058db0dcd185be', '测试A#11', '2024-07-22 19:24:21', 'xxxxx@qq.com', '测试A', '【修改内容】', '457#11', '【修改内容】\n    测试提交（刷数）\n【影响范围】\n    测试提交（刷数）\n', 144, 90, 234, 11, NULL);
INSERT INTO `x_commit` VALUES ('7f7dcd1d4219ed152b866f748cf8121dbdcf42a5', '测试B#11', '2024-06-24 18:23:50', '365627310@qq.com', '测试B', '【修改内容】 ：', '134#11', '【修改内容】 ：\n  测试提交（刷数）\n【影响范围】 :   测试提交（刷数）\n', 463, 0, 463, 11, NULL);
INSERT INTO `x_commit` VALUES ('813adbdc455e946b74f033c1173cc9e48a72e450', '测试A#11', '2024-06-10 09:22:52', 'xxxxx@qq.com', '测试A', '【修改内容】', '457#11', '【修改内容】\n  测试提交（刷数）\n【影响范围】\n  系统管理模块\n', 143, 16, 159, 11, NULL);
INSERT INTO `x_commit` VALUES ('84b48cdd15319a5694057998c6289d21bc763d48', '测试B#11', '2024-04-17 14:58:42', '365627310@qq.com', '测试B', '【修改内容】 :', '134#11', '【修改内容】 :\n  测试提交（刷数）\n【影响范围】 :   测试提交（刷数）\n', 88, 60, 148, 11, NULL);
INSERT INTO `x_commit` VALUES ('84e84cb7e8d41c3febc5262e50c89f4f4669bf97', '测试B#11', '2024-05-01 18:23:26', '365627310@qq.com', '测试B', '【修改内容】 :', '134#11', '【修改内容】 :\n  测试提交（刷数）\n【影响范围】 :  测试提交（刷数）\n', 65, 36, 101, 11, NULL);
INSERT INTO `x_commit` VALUES ('84eda469aba402b77c941ab0c403f985e63094ee', '测试B#11', '2024-06-24 11:36:23', '365627310@qq.com', '测试B', '【修改内容】 ：', '432#11', '【修改内容】 ：\n删掉entity包 类转移到common-bean下\n【影响范围】 : entity包\n', 219, 198, 417, 11, NULL);
INSERT INTO `x_commit` VALUES ('864ff60eeb7acc9dc73f7d1f86e22456b72c24a8', '测试A#11', '2024-08-20 19:12:10', 'xxxxx@qq.com', '测试A', '【修改内容】 :', '457#11', '【修改内容】 :\n增加对解析jwt token异常的捕获处理\n【影响范围】 : 系统权限验证\n', 41, 19, 60, 11, NULL);
INSERT INTO `x_commit` VALUES ('883a6b903f22ecc452a21d5e2366f2fe3788bc25', '测试A#11', '2024-07-15 14:27:40', 'xxxxx@qq.com', '测试A', '【修改内容】 :', '2#11', '【修改内容】 :\n  测试提交（刷数）\n【影响范围】 :   测试提交（刷数）\n', 134, 1, 135, 11, NULL);
INSERT INTO `x_commit` VALUES ('8b7718a320bff82a9c27e7055763799be7e4e24d', '测试A#11', '2024-06-29 15:07:47', 'xxxxx@qq.com', '测试A', '【修改内容】', '457#11', '【修改内容】\n   测试提交（刷数）\n【影响范围】\n    测试提交（刷数）\n', 55, 2, 57, 11, NULL);
INSERT INTO `x_commit` VALUES ('8beea1b6cf6b9d9b9ba806a6c60caedf972ce2eb', '测试B#11', '2024-04-07 11:40:50', '365627310@qq.com', '测试B', '【修改内容】 :', '404#11', '【修改内容】 :\n修复导出问题\n【影响范围】 : 导出\n', 48, 34, 82, 11, NULL);
INSERT INTO `x_commit` VALUES ('8d4efbbcaa9f5dd0a0ec47298e19d9ff49e1d870', '测试B#11', '2024-06-30 15:45:57', '365627310@qq.com', '测试B', '【修改内容】 :', '2#11', '【修改内容】 :\ninflux查询\n【影响范围】 :   测试提交（刷数）\n', 324, 5, 329, 11, NULL);
INSERT INTO `x_commit` VALUES ('91a8208d7cef79ed2407373189892cc851ca8a86', '测试B#11', '2024-05-11 17:16:20', '365627310@qq.com', '测试B', '【修改内容】 :', '404#11', '【修改内容】 :\n  测试提交（刷数）\n【影响范围】 : 导出\n', 48, 30, 78, 11, NULL);
INSERT INTO `x_commit` VALUES ('941a9bb67d56b5cfc6b84f2a574f0b495f77f19d', '测试B#11', '2024-05-13 18:00:03', '365627310@qq.com', '测试B', '【修改内容】 :', '2#11', '【修改内容】 :\n  测试提交（刷数）\n【影响范围】 :   测试提交（刷数）\n', 362, 3, 365, 11, NULL);
INSERT INTO `x_commit` VALUES ('951d59b6551f7f86ed45a69f225bf1271c1227d2', '测试A#11', '2024-08-11 10:53:17', 'xxxxx@qq.com', '测试A', '【修改内容】:', '119#11', '【修改内容】:\n  测试提交（刷数）\n【影响范围】：应用配置\n', 498, 5, 503, 11, NULL);
INSERT INTO `x_commit` VALUES ('953ecc02fde8555662eff4a50616f7322a69cd10', '测试A#11', '2024-04-08 14:20:33', 'xxxxx@qq.com', '测试A', '【修改内容】:', '279#11', '【修改内容】:\n  修复地理位置信息多语言处理有误问题\n【影响范围】：\n  地理位置信息多语言处理\n', 70, 24, 94, 11, NULL);
INSERT INTO `x_commit` VALUES ('9647562e2140450a73055a5f2662fb792b83ff8e', '测试B#11', '2024-04-20 18:11:35', '365627310@qq.com', '测试B', '【修改内容】 :', '432#11', '【修改内容】 :\n  测试提交（刷数）\n【影响范围】 :  测试提交（刷数）\n', 21, 5, 26, 11, NULL);
INSERT INTO `x_commit` VALUES ('9a560176163d60fed4f9f3493cc2dc41a2ec123a', '测试B#11', '2024-05-03 17:59:25', '365627310@qq.com', '测试B', '【修改内容】 :', '432#11', '【修改内容】 :\n  测试提交（刷数）\n【影响范围】 :  测试提交（刷数）\n', 435, 22, 457, 11, NULL);
INSERT INTO `x_commit` VALUES ('9afe3eff8c04fdfc07c1a01eb2d97784775d982e', '测试B#11', '2024-05-19 11:44:24', '365627310@qq.com', '测试B', '【修改内容】 :', '404#11', '【修改内容】 :\n阿里巴巴规范\n【影响范围】 : 全部\n', 101, 27, 128, 11, NULL);
INSERT INTO `x_commit` VALUES ('9d2f1f30c9fe524e42cbfc1b49e2c2d1c86d2e9a', '测试B#11', '2024-07-30 18:10:34', '365627310@qq.com', '测试B', '[修改内容] :', '272#11', '[修改内容] :\n  测试提交（刷数）\n[影响范围] : pack\n', 67, 26, 93, 11, NULL);
INSERT INTO `x_commit` VALUES ('9d4ebee512fdfec08f0ac885be7127d6eded7542', '测试A#11', '2024-07-09 11:01:35', 'xxxxx@qq.com', '测试A', '【修改内容】', '457#11', '【修改内容】\n   测试提交（刷数）\n【影响范围】\n  获取账号权限\n', 69, 62, 131, 11, NULL);
INSERT INTO `x_commit` VALUES ('9e2e9c98dcbd7b5a9bca67b716f366157a08e9f1', '测试A#11', '2024-07-27 15:38:13', 'xxxxx@qq.com', '测试A', '【修改内容】', '457#11', '【修改内容】\n  增加对HTTP请求完成后ThreadLocal的remove工作\n【影响范围】\n  测试提交（刷数）', 41, 1, 42, 11, NULL);
INSERT INTO `x_commit` VALUES ('a066f2eb88053445a77e261687d98c1fb1351031', '测试B#11', '2024-04-29 16:02:51', '365627310@qq.com', '测试B', '【修改内容】 :', '193#11', '【修改内容】 :\n  测试提交（刷数）\n【影响范围】 :   测试提交（刷数）\n', 153, 100, 253, 11, NULL);
INSERT INTO `x_commit` VALUES ('a18a7e8d1e95c6a53d5667b059af39f89ecaa653', '测试B#11', '2024-05-19 13:39:47', '365627310@qq.com', '测试B', '[修改内容] :', '272#11', '[修改内容] :\n阿里巴巴规范\n[影响范围] : 全部\n', 119, 40, 159, 11, NULL);
INSERT INTO `x_commit` VALUES ('a1beae08080a31c1d3b787ab916ba63130c84d82', '测试B#11', '2024-07-22 10:42:25', '365627310@qq.com', '测试B', '【修改内容】 ：', '193#11', '【修改内容】 ：\n  测试提交（刷数）\n【影响范围】 :   测试提交（刷数）\n', 49, 43, 92, 11, NULL);
INSERT INTO `x_commit` VALUES ('a46208a362a21fe140448afaf775fe914b466704', '测试A#11', '2024-06-30 14:25:28', 'xxxxx@qq.com', '测试A', '【修改内容】', '457#11', '【修改内容】\n  接口自测调整\n【影响范围】\n    测试提交（刷数）\n', 309, 33, 342, 11, NULL);
INSERT INTO `x_commit` VALUES ('a4811abcc1085fc4dd2b19dd3b80e8484a274cd3', '测试A#11', '2024-07-08 16:01:32', 'xxxxx@qq.com', '测试A', '【修改内容】 :', '2#11', '【修改内容】 :\nCode Review调整\n1.修复空指针问题\n2.优化方法体过长的问题\n【影响范围】 : 无\n', 90, 76, 166, 11, NULL);
INSERT INTO `x_commit` VALUES ('a4814249347850531c91889c16da6ae5dbd20a46', '测试B#11', '2024-07-14 17:23:54', '365627310@qq.com', '测试B', '[修改内容] :', '272#11', '[修改内容] :\n联调\n[影响范围] : 全部\n', 149, 76, 225, 11, NULL);
INSERT INTO `x_commit` VALUES ('a6aefa83449d0285f7265a849752705699ee51ed', '测试B#11', '2024-08-11 15:18:30', '365627310@qq.com', '测试B', '【修改内容】 ：', '193#11', '【修改内容】 ：\n  测试提交（刷数）\n【影响范围】 :   测试提交（刷数）\n', 160, 31, 191, 11, NULL);
INSERT INTO `x_commit` VALUES ('aae74107b562bc087f1c5e42454e0058618aa364', '测试B#11', '2024-06-29 10:43:15', '365627310@qq.com', '测试B', '【修改内容】 ：', '134#11', '【修改内容】 ：\n抽象类加hashCode被去重bug\n【影响范围】 : 处理\n', 60, 9, 69, 11, NULL);
INSERT INTO `x_commit` VALUES ('aaee2b036d541d1e2b409288583fccee54f74ac9', '测试B#11', '2024-04-07 14:50:47', '365627310@qq.com', '测试B', '【修改内容】 :', '404#11', '【修改内容】 :\n修复导出问题\n【影响范围】 : 导出\n', 40, 20, 60, 11, NULL);
INSERT INTO `x_commit` VALUES ('adbd647a9e456ce57f82575b7c6135553a188971', '测试B#11', '2024-05-19 16:07:52', '365627310@qq.com', '测试B', '【修改内容】 :', '2#11', '【修改内容】 :\n阿里巴巴规范\n【影响范围】 : 全部\n', 122, 122, 244, 11, NULL);
INSERT INTO `x_commit` VALUES ('ae53291aee9ff7869ba08434c8be4b742648b272', '测试A#11', '2024-06-11 16:06:30', 'xxxxx@qq.com', '测试A', '【修改内容】', '457#11', '【修改内容】\n  测试提交（刷数）\n【影响范围】\n  系统管理模块\n', 110, 76, 186, 11, NULL);
INSERT INTO `x_commit` VALUES ('b09eda2a9f53f01d9b8a43b299b3a3dc809e326c', '测试B#11', '2024-08-07 16:21:39', '365627310@qq.com', '测试B', '【修改内容】 ：', '193#11', '【修改内容】 ：\n  测试提交（刷数）\n【影响范围】 :   测试提交（刷数）\n', 45, 4, 49, 11, NULL);
INSERT INTO `x_commit` VALUES ('b31b410fa0b00f68ec30569a0cdc3a2724989ee1', '测试B#11', '2024-06-02 18:02:43', '365627310@qq.com', '测试B', '【修改内容】 ：', '134#11', '【修改内容】 ：\n初始化api模块\n【影响范围】 : init\n', 62, 0, 62, 11, NULL);
INSERT INTO `x_commit` VALUES ('b3b1a707c8927d5f208016b546b7a616f9ceb77b', '测试A#11', '2024-06-23 15:21:48', 'xxxxx@qq.com', '测试A', '【修改内容】', '457#11', '【修改内容】\n  测试提交（刷数）\n【影响范围】\n  测试提交（刷数）\n', 69, 24, 93, 11, NULL);
INSERT INTO `x_commit` VALUES ('b687070c2e09edaed2e6c2c953b0d7c9eeab44b5', '测试A#11', '2024-08-07 11:25:09', 'xxxxx@qq.com', '测试A', '【修改内容】 :', '457#11', '【修改内容】 :\n调整跨数据中心登录逻辑：\n【影响范围】 : 跨数据中心登录\n', 233, 26, 259, 11, NULL);
INSERT INTO `x_commit` VALUES ('b7944236a6ccca7ba6cdcb65923b634586aceb1e', '测试A#11', '2024-05-28 15:26:53', 'xxxxx@qq.com', '测试A', '【修改内容】', '457#11', '【修改内容】\n  提交公共类\n【影响范围】\n  系统管理模块\n', 69, 0, 69, 11, NULL);
INSERT INTO `x_commit` VALUES ('b7b6f122cb518ed5aabee1b9ac41dd711db7d170', '测试B#11', '2024-08-20 18:18:40', '365627310@qq.com', '测试B', '[修改内容] :', '272#11', '[修改内容] :\n  测试提交（刷数）\n[影响范围] :   测试提交（刷数）\n', 370, 7, 377, 11, NULL);
INSERT INTO `x_commit` VALUES ('b9d9940954aef5b2b0f1dbfb526f6e0b0fef961c', '测试B#11', '2024-05-01 14:58:02', '365627310@qq.com', '测试B', '【修改内容】 :', '193#11', '【修改内容】 :\n查询使用主键索引\n【影响范围】 : 查询\n', 23, 46, 69, 11, NULL);
INSERT INTO `x_commit` VALUES ('bcbe40c14c539a21ca39043928ea87254e8d553d', '测试B#11', '2024-04-20 18:46:37', '365627310@qq.com', '测试B', '【修改内容】 :', '134#11', '【修改内容】 :\n加减运算\n【影响范围】 :   测试提交（刷数）\n', 33, 0, 33, 11, NULL);
INSERT INTO `x_commit` VALUES ('be0677a4edabad9abd824b4d66b5495e4fdcc6b0', '测试A#11', '2024-06-30 19:54:31', 'xxxxx@qq.com', '测试A', '【修改内容】 :', '2#11', '【修改内容】 :\n    测试提交（刷数）\n【影响范围】 :   测试提交（刷数）\n', 156, 73, 229, 11, NULL);
INSERT INTO `x_commit` VALUES ('bfb8772ed234da3362067ba6bd45270f17bc703e', '测试B#11', '2024-08-05 17:09:48', '365627310@qq.com', '测试B', '【修改内容】 ：', '193#11', '【修改内容】 ：\n  测试提交（刷数）\n【影响范围】 :   测试提交（刷数）\n', 265, 20, 285, 11, NULL);
INSERT INTO `x_commit` VALUES ('c2e8ab5139fe7f3a65cb8e9036631b5a0310e7bf', '测试B#11', '2024-04-20 18:11:50', '365627310@qq.com', '测试B', '【修改内容】 :', '432#11', '【修改内容】 :\n  测试提交（刷数）\n【影响范围】 :  测试提交（刷数）\n', 21, 5, 26, 11, NULL);
INSERT INTO `x_commit` VALUES ('c3cd76338cf9192fe261758094ec5ae0cd5008e3', '测试B#11', '2024-07-22 17:48:27', '365627310@qq.com', '测试B', '【修改内容】 ：', '193#11', '【修改内容】 ：\n  测试提交（刷数）\n【影响范围】 :   测试提交（刷数）\n', 298, 199, 497, 11, NULL);
INSERT INTO `x_commit` VALUES ('c786b75c92ea42f56a234a27e4495beaecae9585', '测试B#11', '2024-06-18 18:11:00', '365627310@qq.com', '测试B', '【修改内容】 :', '2#11', '【修改内容】 :\n  测试提交（刷数）\n【影响范围】 :   测试提交（刷数）\n', 109, 66, 175, 11, NULL);
INSERT INTO `x_commit` VALUES ('ca8192464de9983ecb6b6326dc7d7020fb1e253c', '测试B#11', '2024-07-31 15:00:50', '365627310@qq.com', '测试B', '[修改内容] :', '272#11', '[修改内容] :\n分片上传文件，合并阶段滞后到保存协议；\n添加所有服务全局锁定同一uploadcache操作\n[影响范围] : 文件上传\n', 265, 117, 382, 11, NULL);
INSERT INTO `x_commit` VALUES ('cca2977a2f8ff6de7d7ee1c25475dac4622011a8', '测试B#11', '2024-06-22 09:51:31', '365627310@qq.com', '测试B', '【修改内容】 :', '2#11', '【修改内容】 :\n自测调整\n【影响范围】 : 第三方控制和查询\n', 53, 79, 132, 11, NULL);
INSERT INTO `x_commit` VALUES ('ce14094b1a2bf67d18f457c2013412a9e312736d', '测试B#11', '2024-05-19 14:50:17', '365627310@qq.com', '测试B', '【修改内容】 :', '120#11', '【修改内容】 :\n阿里巴巴规范\n【影响范围】 :全部\n', 85, 45, 130, 11, NULL);
INSERT INTO `x_commit` VALUES ('cf14026c71ab3a12bef68189fa6f448a72fe7d10', '测试A#11', '2024-06-11 17:51:42', 'xxxxx@qq.com', '测试A', '【修改内容】', '457#11', '【修改内容】\n  1.修复添加菜单问题\n【影响范围】\n  系统管理模块\n', 42, 2, 44, 11, NULL);
INSERT INTO `x_commit` VALUES ('d27d2d615b30b5db7b218a2f03533918da0cfdc4', '测试A#11', '2024-07-24 15:18:56', 'xxxxx@qq.com', '测试A', '【修改内容】', '457#11', '【修改内容】\n  跨数据中心访问逻辑调整\n【影响范围】\n  跨数据中心访问\n', 54, 34, 88, 11, NULL);
INSERT INTO `x_commit` VALUES ('d3c75354f6951a5ae19154d9995a2e616fcc82c9', '测试A#11', '2024-06-25 13:19:38', 'xxxxx@qq.com', '测试A', '【修改内容】', '457#11', '【修改内容】\n 1.数据权限过滤逻辑调整\n 2.删除账号时删除账号的数据权限\n【影响范围】\n  数据权限\n', 209, 105, 314, 11, NULL);
INSERT INTO `x_commit` VALUES ('d5accb14d9e91db92a607162388b3d9643e360b3', '测试B#11', '2024-04-29 16:04:14', '365627310@qq.com', '测试B', '【修改内容】 :', '193#11', '【修改内容】 :\n  测试提交（刷数）\n【影响范围】 :   测试提交（刷数）\n', 285, 249, 534, 11, NULL);
INSERT INTO `x_commit` VALUES ('d74b030f7651ae818cfcfe49e21959416d2d3f9b', '测试B#11', '2024-04-20 18:07:42', '365627310@qq.com', '测试B', '【修改内容】 :', '432#11', '【修改内容】 :\n  测试提交（刷数）\n【影响范围】 :  测试提交（刷数）\n', 45, 63, 108, 11, NULL);
INSERT INTO `x_commit` VALUES ('d93a6b2c9da01352f3d6f5fd87c4ecfee27e7629', '测试B#11', '2024-06-12 18:09:58', '365627310@qq.com', '测试B', '【修改内容】 ：', '432#11', '【修改内容】 ：\n对接\n【影响范围】 :   测试提交（刷数）\n', 241, 25, 266, 11, NULL);
INSERT INTO `x_commit` VALUES ('e03b48ebf68aff8b510d026b3f8640acb60d11ae', '测试B#11', '2024-08-11 15:49:07', '365627310@qq.com', '测试B', '[修改内容] :', '272#11', '[修改内容] :\n  测试提交（刷数）\n[影响范围] :   测试提交（刷数）\n', 148, 32, 180, 11, NULL);
INSERT INTO `x_commit` VALUES ('e08b7ea93604304329d7caed6c7614357bccf10c', '测试B#11', '2024-07-22 11:43:15', '365627310@qq.com', '测试B', '【修改内容】', '195#11', '【修改内容】\n  测试提交（刷数）\n【影响范围】\n  测试提交（刷数）\n', 37, 37, 74, 11, NULL);
INSERT INTO `x_commit` VALUES ('e2fcc771a584ba1af2f7698efd39f259147dbf8d', '测试A#11', '2024-07-17 13:52:22', 'xxxxx@qq.com', '测试A', '【修改内容】 :', '2#11', '【修改内容】 :\n  测试提交（刷数）\n【影响范围】 :   测试提交（刷数）\n', 172, 0, 172, 11, NULL);
INSERT INTO `x_commit` VALUES ('e35cf4279ad79490b14dc07d0add703bf8840025', '测试B#11', '2024-08-12 11:04:40', '365627310@qq.com', '测试B', '[修改内容] :', '272#11', '[修改内容] :\n空指针bug\n刷数脚本\n[影响范围] : 测试提交（刷数）\n', 60, 5, 65, 11, NULL);
INSERT INTO `x_commit` VALUES ('e3f8bef7bee2d219096cf8afdada9deab69e0e5e', '测试B#11', '2024-07-17 17:51:53', '365627310@qq.com', '测试B', '【修改内容】 ：', '193#11', '【修改内容】 ：\n测试提交（刷数）\n【影响范围】 : 测试提交（刷数）\n', 29, 10, 39, 11, NULL);
INSERT INTO `x_commit` VALUES ('e482d660339e7c2ceccb95d0d818a84987035bd7', '测试B#11', '2024-05-20 11:12:45', '365627310@qq.com', '测试B', '【修改内容】 :', '2#11', '【修改内容】 :\n阿里巴巴规范\n【影响范围】 : 全部\n', 396, 0, 396, 11, NULL);
INSERT INTO `x_commit` VALUES ('e67927011e616c9c62bfc287840e14fdc1e5ffa5', '测试B#11', '2024-08-14 09:35:03', '365627310@qq.com', '测试B', '[修改内容] :', '272#11', '[修改内容] :\n测试提交（刷数）\n[影响范围] : 测试提交（刷数）\n', 143, 30, 173, 11, NULL);
INSERT INTO `x_commit` VALUES ('e8a5bf63e5c8f210f997ae1b5289de93c116de3f', '测试A#11', '2024-05-12 16:07:00', 'xxxxx@qq.com', '测试A', '【修改内容】 :', '2#11', '【修改内容】 :\n  测试提交（刷数）\n【影响范围】 : 抽取数据同步公共服务\n', 22, 41, 63, 11, NULL);
INSERT INTO `x_commit` VALUES ('e8ea40149b54b75394e2205eb5f80420c318482f', '测试B#11', '2024-06-25 16:37:04', '365627310@qq.com', '测试B', '【修改内容】 ：', '134#11', '【修改内容】 ：\n测试提交（刷数）\n【影响范围】 : 测试提交（刷数）\n', 130, 11, 141, 11, NULL);
INSERT INTO `x_commit` VALUES ('e91bf70b15fe282468fe1415ff0c56235520e40b', '测试B#11', '2024-05-19 14:17:20', '365627310@qq.com', '测试B', '【修改内容】 :', '432#11', '【修改内容】 :\n阿里巴巴规范\n【影响范围】 :全部\n', 144, 64, 208, 11, NULL);
INSERT INTO `x_commit` VALUES ('ea0655c1458b2a7513934268d2fa3cd260115621', '测试A#11', '2024-07-15 14:25:35', 'xxxxx@qq.com', '测试A', '【修改内容】', '457#11', '【修改内容】\n  测试提交（刷数）\n【影响范围】\n  测试提交（刷数）\n', 144, 45, 189, 11, NULL);
INSERT INTO `x_commit` VALUES ('ef8e8dff4534063acac5c3ce2f70feaf5c122f11', '测试A#11', '2024-06-08 16:17:30', 'xxxxx@qq.com', '测试A', '【修改内容】', '457#11', '【修改内容】\n测试提交（刷数）\n【影响范围】\n  系统管理模块\n', 214, 128, 342, 11, NULL);
INSERT INTO `x_commit` VALUES ('f154f36ca541c843c3fe9186ad3673dc4a1b9fea', '测试B#11', '2024-07-23 17:38:51', '365627310@qq.com', '测试B', '【修改内容】 ：', '193#11', '【修改内容】 ：\n测试提交（刷数）\n【影响范围】 : 模块\n', 340, 182, 522, 11, NULL);
INSERT INTO `x_commit` VALUES ('f1c30f5d4fa9ace0a9bea340a14f57cc82b708cd', '测试B#11', '2024-08-14 16:56:31', '365627310@qq.com', '测试B', '【修改内容】 ：', '134#11', '【修改内容】 ：\n日志收集添加缓存，冷却，批处理机制\n【影响范围】 : 测试提交（刷数）\n', 220, 17, 237, 11, NULL);
INSERT INTO `x_commit` VALUES ('f33a70a45d4970cf8ff6e58fcbdb9c993d506fb0', '测试B#11', '2024-05-19 18:05:33', '365627310@qq.com', '测试B', '【修改内容】 :', '2#11', '【修改内容】 :\n阿里巴巴规范\n【影响范围】 : 全部\n', 126, 552, 678, 11, NULL);
INSERT INTO `x_commit` VALUES ('f396f7838f4e558fd589aba1597562e403b83b55', '测试B#11', '2024-05-19 10:04:56', '365627310@qq.com', '测试B', '【修改内容】 :', '108#11', '【修改内容】 :\n代码规范\n【影响范围】: 全部\n', 72, 36, 108, 11, NULL);
INSERT INTO `x_commit` VALUES ('f505c678a25c8833eb337718f2e29ea89e476d48', '测试B#11', '2024-05-15 10:06:05', '365627310@qq.com', '测试B', '【修改内容】 :', '134#11', '【修改内容】 :\n接入中心日志\n【影响范围】 :测试提交（刷数）\n', 277, 91, 368, 11, NULL);
INSERT INTO `x_commit` VALUES ('f5afab39fb83c845b7f18fcedc77f8f754b7c232', '测试B#11', '2024-07-15 16:40:59', '365627310@qq.com', '测试B', '【修改内容】 ：', '432#11', '【修改内容】 ：\n修复bug\n新增XXXX\n【影响范围】 : 第三方服务\n', 215, 27, 242, 11, NULL);
INSERT INTO `x_commit` VALUES ('f728be2032384c3af3586af4b12dd6b48db9b6b2', '测试A#11', '2024-08-11 16:58:15', 'xxxxx@qq.com', '测试A', '【修改内容】 :', '457#11', '【修改内容】 :\n用户登录逻辑调整：\n测试提交（刷数）\n【影响范围】 : 用户登录、系统鉴权\n', 137, 203, 340, 11, NULL);
INSERT INTO `x_commit` VALUES ('f9bd179d24793d2e05a4d55807a6a53b4484b598', '测试B#11', '2024-05-15 17:54:48', '365627310@qq.com', '测试B', '【修改内容】 :', '108#11', '【修改内容】 :\ninfluxDb简单单表查询对象\n【影响范围】: influx\n', 166, 1, 167, 11, NULL);
INSERT INTO `x_commit` VALUES ('fc98eb0b9932847c36b3c90ca7c24be835c9b3f9', '测试A#11', '2024-07-06 09:55:07', 'xxxxx@qq.com', '测试A', '【修改内容】:', '260#11', '【修改内容】:\n  测试提交（刷数）\n【影响范围】：记录上报\n', 48, 1, 49, 11, NULL);

-- ----------------------------
-- Table structure for x_group
-- ----------------------------
DROP TABLE IF EXISTS `x_group`;
CREATE TABLE `x_group`  (
  `group_id` int(0) NOT NULL AUTO_INCREMENT,
  `group_name` varchar(255) CHARACTER SET utf8mb3 COLLATE utf8mb3_bin NULL DEFAULT NULL,
  PRIMARY KEY (`group_id`) USING BTREE
) ENGINE = InnoDB AUTO_INCREMENT = 15 CHARACTER SET = utf8mb3 COLLATE = utf8mb3_bin ROW_FORMAT = Dynamic;

-- ----------------------------
-- Records of x_group
-- ----------------------------
INSERT INTO `x_group` VALUES (11, 'Android开发组');
INSERT INTO `x_group` VALUES (12, '后台开发组');
INSERT INTO `x_group` VALUES (13, '前端开发组');

-- ----------------------------
-- Table structure for x_group_user
-- ----------------------------
DROP TABLE IF EXISTS `x_group_user`;
CREATE TABLE `x_group_user`  (
  `id` int(0) NOT NULL AUTO_INCREMENT,
  `group_id` int(0) NULL DEFAULT NULL COMMENT '小组id',
  `real_user_id` int(0) NULL DEFAULT NULL COMMENT 'realuserid',
  PRIMARY KEY (`id`) USING BTREE
) ENGINE = InnoDB AUTO_INCREMENT = 401 CHARACTER SET = utf8mb3 COLLATE = utf8mb3_bin ROW_FORMAT = Dynamic;

-- ----------------------------
-- Records of x_group_user
-- ----------------------------
INSERT INTO `x_group_user` VALUES (394, 12, 2);
INSERT INTO `x_group_user` VALUES (398, 12, 3);

-- ----------------------------
-- Table structure for x_project
-- ----------------------------
DROP TABLE IF EXISTS `x_project`;
CREATE TABLE `x_project`  (
  `project_id` varchar(64) CHARACTER SET utf8mb4 COLLATE utf8mb4_general_ci NOT NULL,
  `project_name` varchar(255) CHARACTER SET utf8mb4 COLLATE utf8mb4_general_ci NULL DEFAULT NULL COMMENT '项目名',
  `storage_id` int(0) NULL DEFAULT NULL COMMENT '仓库id',
  `create_date` datetime(0) NULL DEFAULT NULL COMMENT '创建时间',
  `path` varchar(500) CHARACTER SET utf8mb3 COLLATE utf8mb3_bin NULL DEFAULT NULL COMMENT '地址',
  PRIMARY KEY (`project_id`) USING BTREE
) ENGINE = InnoDB CHARACTER SET = utf8mb3 COLLATE = utf8mb3_bin ROW_FORMAT = Dynamic;

-- ----------------------------
-- Records of x_project
-- ----------------------------
INSERT INTO `x_project` VALUES ('108#11', 'codex-test1', 11, '2020-11-13 10:29:07', NULL);
INSERT INTO `x_project` VALUES ('119#11', 'codex-test2', 11, '2020-12-10 09:06:39', NULL);
INSERT INTO `x_project` VALUES ('120#11', 'codex-test3', 11, '2020-12-10 09:07:58', NULL);
INSERT INTO `x_project` VALUES ('132#11', 'codex-test4', 11, '2020-12-16 17:12:45', NULL);
INSERT INTO `x_project` VALUES ('134#11', 'codex-test5', 11, '2020-12-18 15:36:45', NULL);
INSERT INTO `x_project` VALUES ('159#11', 'codex-test6', 11, '2021-01-14 10:12:47', NULL);
INSERT INTO `x_project` VALUES ('177#11', 'codex-test7', 11, '2021-02-26 13:51:09', NULL);
INSERT INTO `x_project` VALUES ('193#11', 'codex-test8', 11, '2021-03-24 14:06:03', NULL);
INSERT INTO `x_project` VALUES ('195#11', 'codex-test9', 11, '2021-03-25 13:15:45', NULL);
INSERT INTO `x_project` VALUES ('2#11', 'codex-test10', 11, '2020-07-01 09:24:42', NULL);
INSERT INTO `x_project` VALUES ('248#11', 'codex-test11', 11, '2021-11-25 17:38:29', NULL);
INSERT INTO `x_project` VALUES ('252#11', 'codex-test12', 11, '2021-12-06 10:23:48', NULL);
INSERT INTO `x_project` VALUES ('260#11', 'codex-test13', 11, '2021-12-31 09:10:04', NULL);
INSERT INTO `x_project` VALUES ('267#11', 'codex-test14', 11, '2022-03-04 10:23:27', NULL);
INSERT INTO `x_project` VALUES ('272#11', 'codex-test15', 11, '2022-04-06 16:33:06', NULL);
INSERT INTO `x_project` VALUES ('279#11', 'codex-test16', 11, '2022-04-24 09:39:04', NULL);
INSERT INTO `x_project` VALUES ('304#11', 'codex-test17', 11, '2022-05-30 09:38:36', NULL);
INSERT INTO `x_project` VALUES ('305#11', 'codex-test18', 11, '2022-05-30 09:39:42', NULL);
INSERT INTO `x_project` VALUES ('325#11', 'codex-test19', 11, '2022-08-18 19:57:35', NULL);
INSERT INTO `x_project` VALUES ('333#11', 'codex-test20', 11, '2022-09-21 11:30:44', NULL);
INSERT INTO `x_project` VALUES ('335#11', 'codex-test21', 11, '2022-10-10 19:06:31', NULL);
INSERT INTO `x_project` VALUES ('337#11', 'codex-test22', 11, '2022-10-25 09:25:51', NULL);
INSERT INTO `x_project` VALUES ('358#11', 'codex-test23', 11, '2022-12-30 16:29:47', NULL);
INSERT INTO `x_project` VALUES ('360#11', 'codex-test24', 11, '2023-01-31 16:33:38', NULL);
INSERT INTO `x_project` VALUES ('380#11', 'codex-test25', 11, '2023-04-10 10:59:33', NULL);
INSERT INTO `x_project` VALUES ('404#11', 'codex-test26', 11, '2023-08-29 17:20:23', NULL);
INSERT INTO `x_project` VALUES ('415#11', 'codex-test27', 11, '2023-10-09 10:19:57', NULL);
INSERT INTO `x_project` VALUES ('432#11', 'codex-test28', 11, '2023-12-11 10:29:17', NULL);
INSERT INTO `x_project` VALUES ('457#11', 'codex-test29', 11, '2024-04-25 16:38:52', NULL);
INSERT INTO `x_project` VALUES ('8#11', 'codex-test30', 11, '2020-07-01 09:40:48', NULL);

-- ----------------------------
-- Table structure for x_project_user
-- ----------------------------
DROP TABLE IF EXISTS `x_project_user`;
CREATE TABLE `x_project_user`  (
  `id` varchar(64) CHARACTER SET utf8mb4 COLLATE utf8mb4_general_ci NOT NULL COMMENT '提交名+#+项目id',
  `project_id` varchar(64) CHARACTER SET utf8mb3 COLLATE utf8mb3_bin NULL DEFAULT NULL COMMENT '项目id',
  `user_id` varchar(64) CHARACTER SET utf8mb4 COLLATE utf8mb4_general_ci NULL DEFAULT NULL COMMENT '用户id',
  PRIMARY KEY (`id`) USING BTREE
) ENGINE = InnoDB CHARACTER SET = utf8mb4 COLLATE = utf8mb4_general_ci ROW_FORMAT = Dynamic;

-- ----------------------------
-- Records of x_project_user
-- ----------------------------
INSERT INTO `x_project_user` VALUES ('测试A#108', '108#11', '测试A#11');
INSERT INTO `x_project_user` VALUES ('测试A#119', '119#11', '测试A#11');
INSERT INTO `x_project_user` VALUES ('测试A#120', '120#11', '测试A#11');
INSERT INTO `x_project_user` VALUES ('测试A#132', '132#11', '测试A#11');
INSERT INTO `x_project_user` VALUES ('测试A#134', '134#11', '测试A#11');
INSERT INTO `x_project_user` VALUES ('测试A#159', '159#11', '测试A#11');
INSERT INTO `x_project_user` VALUES ('测试A#177', '177#11', '测试A#11');
INSERT INTO `x_project_user` VALUES ('测试A#193', '193#11', '测试A#11');
INSERT INTO `x_project_user` VALUES ('测试A#2', '2#11', '测试A#11');
INSERT INTO `x_project_user` VALUES ('测试A#252', '252#11', '测试A#11');
INSERT INTO `x_project_user` VALUES ('测试A#260', '260#11', '测试A#11');
INSERT INTO `x_project_user` VALUES ('测试A#267', '267#11', '测试A#11');
INSERT INTO `x_project_user` VALUES ('测试A#279', '279#11', '测试A#11');
INSERT INTO `x_project_user` VALUES ('测试A#304', '304#11', '测试A#11');
INSERT INTO `x_project_user` VALUES ('测试A#305', '305#11', '测试A#11');
INSERT INTO `x_project_user` VALUES ('测试A#333', '333#11', '测试A#11');
INSERT INTO `x_project_user` VALUES ('测试A#335', '335#11', '测试A#11');
INSERT INTO `x_project_user` VALUES ('测试A#360', '360#11', '测试A#11');
INSERT INTO `x_project_user` VALUES ('测试A#380', '380#11', '测试A#11');
INSERT INTO `x_project_user` VALUES ('测试A#457', '457#11', '测试A#11');
INSERT INTO `x_project_user` VALUES ('测试A#8', '8#11', '测试A#11');
INSERT INTO `x_project_user` VALUES ('测试B#108', '108#11', '测试B#11');
INSERT INTO `x_project_user` VALUES ('测试B#120', '120#11', '测试B#11');
INSERT INTO `x_project_user` VALUES ('测试B#134', '134#11', '测试B#11');
INSERT INTO `x_project_user` VALUES ('测试B#177', '177#11', '测试B#11');
INSERT INTO `x_project_user` VALUES ('测试B#193', '193#11', '测试B#11');
INSERT INTO `x_project_user` VALUES ('测试B#195', '195#11', '测试B#11');
INSERT INTO `x_project_user` VALUES ('测试B#2', '2#11', '测试B#11');
INSERT INTO `x_project_user` VALUES ('测试B#248', '248#11', '测试B#11');
INSERT INTO `x_project_user` VALUES ('测试B#272', '272#11', '测试B#11');
INSERT INTO `x_project_user` VALUES ('测试B#325', '325#11', '测试B#11');
INSERT INTO `x_project_user` VALUES ('测试B#337', '337#11', '测试B#11');
INSERT INTO `x_project_user` VALUES ('测试B#358', '358#11', '测试B#11');
INSERT INTO `x_project_user` VALUES ('测试B#380', '380#11', '测试B#11');
INSERT INTO `x_project_user` VALUES ('测试B#404', '404#11', '测试B#11');
INSERT INTO `x_project_user` VALUES ('测试B#415', '415#11', '测试B#11');
INSERT INTO `x_project_user` VALUES ('测试B#432', '432#11', '测试B#11');

-- ----------------------------
-- Table structure for x_real_project
-- ----------------------------
DROP TABLE IF EXISTS `x_real_project`;
CREATE TABLE `x_real_project`  (
  `real_project_name` varchar(255) CHARACTER SET utf8mb4 COLLATE utf8mb4_bin NOT NULL COMMENT '真实项目名',
  `department` varchar(255) CHARACTER SET utf8mb4 COLLATE utf8mb4_bin NULL DEFAULT NULL COMMENT '事业部',
  `is_relation` tinyint(1) NOT NULL COMMENT '是否关联',
  PRIMARY KEY (`real_project_name`) USING BTREE
) ENGINE = InnoDB CHARACTER SET = utf8mb4 COLLATE = utf8mb4_bin ROW_FORMAT = Dynamic;

-- ----------------------------
-- Records of x_real_project
-- ----------------------------
INSERT INTO `x_real_project` VALUES ('项目A', '部门A', 1);
INSERT INTO `x_real_project` VALUES ('项目B', '部门B', 1);
INSERT INTO `x_real_project` VALUES ('项目C', '部门A', 1);
INSERT INTO `x_real_project` VALUES ('项目D', '部门A', 1);
INSERT INTO `x_real_project` VALUES ('项目E', '部门A', 1);
INSERT INTO `x_real_project` VALUES ('项目F', '部门B', 1);
INSERT INTO `x_real_project` VALUES ('项目G', '部门B', 1);
INSERT INTO `x_real_project` VALUES ('项目H', '部门C', 1);

-- ----------------------------
-- Table structure for x_real_project_relation
-- ----------------------------
DROP TABLE IF EXISTS `x_real_project_relation`;
CREATE TABLE `x_real_project_relation`  (
  `id` int(0) NOT NULL AUTO_INCREMENT,
  `real_project_name` varchar(255) CHARACTER SET utf8mb4 COLLATE utf8mb4_bin NULL DEFAULT NULL COMMENT '真实系统项目名',
  `project_id` varchar(255) CHARACTER SET utf8mb4 COLLATE utf8mb4_bin NULL DEFAULT NULL COMMENT 'git项目id',
  PRIMARY KEY (`id`) USING BTREE
) ENGINE = InnoDB AUTO_INCREMENT = 112 CHARACTER SET = utf8mb4 COLLATE = utf8mb4_bin ROW_FORMAT = Dynamic;

-- ----------------------------
-- Records of x_real_project_relation
-- ----------------------------
INSERT INTO `x_real_project_relation` VALUES (109, '项目C', '457#11');
INSERT INTO `x_real_project_relation` VALUES (110, '项目A', '279#11');
INSERT INTO `x_real_project_relation` VALUES (111, '项目A', '272#11');

-- ----------------------------
-- Table structure for x_real_user
-- ----------------------------
DROP TABLE IF EXISTS `x_real_user`;
CREATE TABLE `x_real_user`  (
  `real_user_id` int(0) NOT NULL AUTO_INCREMENT,
  `real_user_name` varchar(255) CHARACTER SET utf8mb3 COLLATE utf8mb3_bin NULL DEFAULT NULL COMMENT '名字',
  `real_email` varchar(255) CHARACTER SET utf8mb3 COLLATE utf8mb3_bin NULL DEFAULT NULL COMMENT '邮箱',
  PRIMARY KEY (`real_user_id`) USING BTREE
) ENGINE = InnoDB AUTO_INCREMENT = 63 CHARACTER SET = utf8mb3 COLLATE = utf8mb3_bin ROW_FORMAT = Dynamic;

-- ----------------------------
-- Records of x_real_user
-- ----------------------------
INSERT INTO `x_real_user` VALUES (2, '小李', '365627310@qq.com');
INSERT INTO `x_real_user` VALUES (3, '小王', 'xxxx@qq.com');

-- ----------------------------
-- Table structure for x_real_user_relation
-- ----------------------------
DROP TABLE IF EXISTS `x_real_user_relation`;
CREATE TABLE `x_real_user_relation`  (
  `relation_id` int(0) NOT NULL AUTO_INCREMENT,
  `real_user_id` int(0) NULL DEFAULT NULL COMMENT '公司人id',
  `user_id` varchar(64) CHARACTER SET utf8mb4 COLLATE utf8mb4_general_ci NULL DEFAULT NULL COMMENT 'gitlab用户id',
  `real_user_name` varchar(255) CHARACTER SET utf8mb3 COLLATE utf8mb3_bin NULL DEFAULT NULL COMMENT '真实用户名',
  PRIMARY KEY (`relation_id`) USING BTREE
) ENGINE = InnoDB AUTO_INCREMENT = 315 CHARACTER SET = utf8mb4 COLLATE = utf8mb4_general_ci ROW_FORMAT = Dynamic;

-- ----------------------------
-- Records of x_real_user_relation
-- ----------------------------
INSERT INTO `x_real_user_relation` VALUES (303, 2, 'test#11', '小李');
INSERT INTO `x_real_user_relation` VALUES (304, 2, '测试B#11', '小李');
INSERT INTO `x_real_user_relation` VALUES (308, 3, '测试A#11', '小王');

-- ----------------------------
-- Table structure for x_storage
-- ----------------------------
DROP TABLE IF EXISTS `x_storage`;
CREATE TABLE `x_storage`  (
  `storage_id` int(0) NOT NULL AUTO_INCREMENT COMMENT '仓库id',
  `storage_url` varchar(255) CHARACTER SET utf8mb3 COLLATE utf8mb3_bin NULL DEFAULT NULL COMMENT '仓库url',
  `storage_name` varchar(255) CHARACTER SET utf8mb3 COLLATE utf8mb3_bin NULL DEFAULT NULL COMMENT '仓库名',
  `token` varchar(255) CHARACTER SET utf8mb3 COLLATE utf8mb3_bin NULL DEFAULT NULL COMMENT 'token',
  PRIMARY KEY (`storage_id`) USING BTREE
) ENGINE = InnoDB AUTO_INCREMENT = 13 CHARACTER SET = utf8mb3 COLLATE = utf8mb3_bin ROW_FORMAT = Dynamic;

-- ----------------------------
-- Records of x_storage
-- ----------------------------
INSERT INTO `x_storage` VALUES (11, 'http://192.168.2.9:30000/', 'http://192.168.2.9:30000/', 'sySgzECSz7xY7ijGXGhr');
INSERT INTO `x_storage` VALUES (12, 'bug', 'bug系统', 'bug');

-- ----------------------------
-- Table structure for x_system
-- ----------------------------
DROP TABLE IF EXISTS `x_system`;
CREATE TABLE `x_system`  (
  `id` int(0) NOT NULL AUTO_INCREMENT,
  `temp` varchar(255) CHARACTER SET utf8mb3 COLLATE utf8mb3_bin NULL DEFAULT NULL,
  PRIMARY KEY (`id`) USING BTREE
) ENGINE = InnoDB AUTO_INCREMENT = 1061 CHARACTER SET = utf8mb3 COLLATE = utf8mb3_bin ROW_FORMAT = Dynamic;

-- ----------------------------
-- Records of x_system
-- ----------------------------
INSERT INTO `x_system` VALUES (1, '1');
INSERT INTO `x_system` VALUES (2, '2');
INSERT INTO `x_system` VALUES (3, NULL);
INSERT INTO `x_system` VALUES (4, NULL);
INSERT INTO `x_system` VALUES (5, NULL);
INSERT INTO `x_system` VALUES (6, NULL);
INSERT INTO `x_system` VALUES (7, NULL);
INSERT INTO `x_system` VALUES (8, NULL);
INSERT INTO `x_system` VALUES (9, NULL);
INSERT INTO `x_system` VALUES (10, NULL);
INSERT INTO `x_system` VALUES (11, NULL);
INSERT INTO `x_system` VALUES (12, NULL);
INSERT INTO `x_system` VALUES (13, NULL);
INSERT INTO `x_system` VALUES (14, NULL);
INSERT INTO `x_system` VALUES (15, NULL);
INSERT INTO `x_system` VALUES (16, NULL);
INSERT INTO `x_system` VALUES (17, NULL);
INSERT INTO `x_system` VALUES (18, NULL);
INSERT INTO `x_system` VALUES (19, NULL);
INSERT INTO `x_system` VALUES (20, NULL);
INSERT INTO `x_system` VALUES (21, NULL);
INSERT INTO `x_system` VALUES (22, NULL);
INSERT INTO `x_system` VALUES (23, NULL);
INSERT INTO `x_system` VALUES (24, NULL);
INSERT INTO `x_system` VALUES (25, NULL);
INSERT INTO `x_system` VALUES (26, NULL);
INSERT INTO `x_system` VALUES (27, NULL);
INSERT INTO `x_system` VALUES (28, NULL);
INSERT INTO `x_system` VALUES (29, NULL);
INSERT INTO `x_system` VALUES (30, NULL);
INSERT INTO `x_system` VALUES (31, NULL);
INSERT INTO `x_system` VALUES (32, NULL);
INSERT INTO `x_system` VALUES (33, NULL);
INSERT INTO `x_system` VALUES (34, NULL);
INSERT INTO `x_system` VALUES (35, NULL);
INSERT INTO `x_system` VALUES (36, NULL);
INSERT INTO `x_system` VALUES (37, NULL);
INSERT INTO `x_system` VALUES (38, NULL);
INSERT INTO `x_system` VALUES (39, NULL);
INSERT INTO `x_system` VALUES (40, NULL);
INSERT INTO `x_system` VALUES (41, NULL);
INSERT INTO `x_system` VALUES (42, NULL);
INSERT INTO `x_system` VALUES (43, NULL);
INSERT INTO `x_system` VALUES (44, NULL);
INSERT INTO `x_system` VALUES (45, NULL);
INSERT INTO `x_system` VALUES (46, NULL);
INSERT INTO `x_system` VALUES (47, NULL);
INSERT INTO `x_system` VALUES (48, NULL);
INSERT INTO `x_system` VALUES (49, NULL);
INSERT INTO `x_system` VALUES (50, NULL);
INSERT INTO `x_system` VALUES (51, NULL);
INSERT INTO `x_system` VALUES (52, NULL);
INSERT INTO `x_system` VALUES (53, NULL);
INSERT INTO `x_system` VALUES (54, NULL);
INSERT INTO `x_system` VALUES (55, NULL);
INSERT INTO `x_system` VALUES (56, NULL);
INSERT INTO `x_system` VALUES (57, NULL);
INSERT INTO `x_system` VALUES (58, NULL);
INSERT INTO `x_system` VALUES (59, NULL);
INSERT INTO `x_system` VALUES (60, NULL);
INSERT INTO `x_system` VALUES (61, '');
INSERT INTO `x_system` VALUES (62, '');
INSERT INTO `x_system` VALUES (63, '');
INSERT INTO `x_system` VALUES (64, '');
INSERT INTO `x_system` VALUES (65, '');
INSERT INTO `x_system` VALUES (66, '');
INSERT INTO `x_system` VALUES (67, '');
INSERT INTO `x_system` VALUES (68, '');
INSERT INTO `x_system` VALUES (69, '');
INSERT INTO `x_system` VALUES (70, '');
INSERT INTO `x_system` VALUES (71, '');
INSERT INTO `x_system` VALUES (72, '');
INSERT INTO `x_system` VALUES (73, '');
INSERT INTO `x_system` VALUES (74, '');
INSERT INTO `x_system` VALUES (75, '');
INSERT INTO `x_system` VALUES (76, '');
INSERT INTO `x_system` VALUES (77, '');
INSERT INTO `x_system` VALUES (78, '');
INSERT INTO `x_system` VALUES (79, '');
INSERT INTO `x_system` VALUES (80, '');
INSERT INTO `x_system` VALUES (81, '');
INSERT INTO `x_system` VALUES (82, '');
INSERT INTO `x_system` VALUES (83, '');
INSERT INTO `x_system` VALUES (84, '');
INSERT INTO `x_system` VALUES (85, '');
INSERT INTO `x_system` VALUES (86, '');
INSERT INTO `x_system` VALUES (87, '');
INSERT INTO `x_system` VALUES (88, '');
INSERT INTO `x_system` VALUES (89, '');
INSERT INTO `x_system` VALUES (90, '');
INSERT INTO `x_system` VALUES (91, '');
INSERT INTO `x_system` VALUES (92, '');
INSERT INTO `x_system` VALUES (93, '');
INSERT INTO `x_system` VALUES (94, '');
INSERT INTO `x_system` VALUES (95, '');
INSERT INTO `x_system` VALUES (96, '');
INSERT INTO `x_system` VALUES (97, '');
INSERT INTO `x_system` VALUES (98, '');
INSERT INTO `x_system` VALUES (99, '');
INSERT INTO `x_system` VALUES (100, '');
INSERT INTO `x_system` VALUES (101, '');
INSERT INTO `x_system` VALUES (102, '');
INSERT INTO `x_system` VALUES (103, '');
INSERT INTO `x_system` VALUES (104, '');
INSERT INTO `x_system` VALUES (105, '');
INSERT INTO `x_system` VALUES (106, '');
INSERT INTO `x_system` VALUES (107, '');
INSERT INTO `x_system` VALUES (108, '');
INSERT INTO `x_system` VALUES (109, '');
INSERT INTO `x_system` VALUES (110, '');
INSERT INTO `x_system` VALUES (111, '');
INSERT INTO `x_system` VALUES (112, '');
INSERT INTO `x_system` VALUES (113, '');
INSERT INTO `x_system` VALUES (114, '');
INSERT INTO `x_system` VALUES (115, '');
INSERT INTO `x_system` VALUES (116, '');
INSERT INTO `x_system` VALUES (117, '');
INSERT INTO `x_system` VALUES (118, '');
INSERT INTO `x_system` VALUES (119, '');
INSERT INTO `x_system` VALUES (120, '');
INSERT INTO `x_system` VALUES (121, '');
INSERT INTO `x_system` VALUES (122, '');
INSERT INTO `x_system` VALUES (123, '');
INSERT INTO `x_system` VALUES (124, '');
INSERT INTO `x_system` VALUES (125, '');
INSERT INTO `x_system` VALUES (126, '');
INSERT INTO `x_system` VALUES (127, '');
INSERT INTO `x_system` VALUES (128, '');
INSERT INTO `x_system` VALUES (129, '');
INSERT INTO `x_system` VALUES (130, '');
INSERT INTO `x_system` VALUES (131, '');
INSERT INTO `x_system` VALUES (132, '');
INSERT INTO `x_system` VALUES (133, '');
INSERT INTO `x_system` VALUES (134, '');
INSERT INTO `x_system` VALUES (135, '');
INSERT INTO `x_system` VALUES (136, '');
INSERT INTO `x_system` VALUES (137, '');
INSERT INTO `x_system` VALUES (138, '');
INSERT INTO `x_system` VALUES (139, '');
INSERT INTO `x_system` VALUES (140, '');
INSERT INTO `x_system` VALUES (141, '');
INSERT INTO `x_system` VALUES (142, '');
INSERT INTO `x_system` VALUES (143, '');
INSERT INTO `x_system` VALUES (144, '');
INSERT INTO `x_system` VALUES (145, '');
INSERT INTO `x_system` VALUES (146, '');
INSERT INTO `x_system` VALUES (147, '');
INSERT INTO `x_system` VALUES (148, '');
INSERT INTO `x_system` VALUES (149, '');
INSERT INTO `x_system` VALUES (150, '');
INSERT INTO `x_system` VALUES (151, '');
INSERT INTO `x_system` VALUES (152, '');
INSERT INTO `x_system` VALUES (153, '');
INSERT INTO `x_system` VALUES (154, '');
INSERT INTO `x_system` VALUES (155, '');
INSERT INTO `x_system` VALUES (156, '');
INSERT INTO `x_system` VALUES (157, '');
INSERT INTO `x_system` VALUES (158, '');
INSERT INTO `x_system` VALUES (159, '');
INSERT INTO `x_system` VALUES (160, '');
INSERT INTO `x_system` VALUES (161, '');
INSERT INTO `x_system` VALUES (162, '');
INSERT INTO `x_system` VALUES (163, '');
INSERT INTO `x_system` VALUES (164, '');
INSERT INTO `x_system` VALUES (165, '');
INSERT INTO `x_system` VALUES (166, '');
INSERT INTO `x_system` VALUES (167, '');
INSERT INTO `x_system` VALUES (168, '');
INSERT INTO `x_system` VALUES (169, '');
INSERT INTO `x_system` VALUES (170, '');
INSERT INTO `x_system` VALUES (171, '');
INSERT INTO `x_system` VALUES (172, '');
INSERT INTO `x_system` VALUES (173, '');
INSERT INTO `x_system` VALUES (174, '');
INSERT INTO `x_system` VALUES (175, '');
INSERT INTO `x_system` VALUES (176, '');
INSERT INTO `x_system` VALUES (177, '');
INSERT INTO `x_system` VALUES (178, '');
INSERT INTO `x_system` VALUES (179, '');
INSERT INTO `x_system` VALUES (180, '');
INSERT INTO `x_system` VALUES (181, '');
INSERT INTO `x_system` VALUES (182, '');
INSERT INTO `x_system` VALUES (183, '');
INSERT INTO `x_system` VALUES (184, '');
INSERT INTO `x_system` VALUES (185, '');
INSERT INTO `x_system` VALUES (186, '');
INSERT INTO `x_system` VALUES (187, '');
INSERT INTO `x_system` VALUES (188, '');
INSERT INTO `x_system` VALUES (189, '');
INSERT INTO `x_system` VALUES (190, '');
INSERT INTO `x_system` VALUES (191, '');
INSERT INTO `x_system` VALUES (192, '');
INSERT INTO `x_system` VALUES (193, '');
INSERT INTO `x_system` VALUES (194, '');
INSERT INTO `x_system` VALUES (195, '');
INSERT INTO `x_system` VALUES (196, '');
INSERT INTO `x_system` VALUES (197, '');
INSERT INTO `x_system` VALUES (198, '');
INSERT INTO `x_system` VALUES (199, '');
INSERT INTO `x_system` VALUES (200, '');
INSERT INTO `x_system` VALUES (201, '');
INSERT INTO `x_system` VALUES (202, '');
INSERT INTO `x_system` VALUES (203, '');
INSERT INTO `x_system` VALUES (204, '');
INSERT INTO `x_system` VALUES (205, '');
INSERT INTO `x_system` VALUES (206, '');
INSERT INTO `x_system` VALUES (207, '');
INSERT INTO `x_system` VALUES (208, '');
INSERT INTO `x_system` VALUES (209, '');
INSERT INTO `x_system` VALUES (210, '');
INSERT INTO `x_system` VALUES (211, '');
INSERT INTO `x_system` VALUES (212, '');
INSERT INTO `x_system` VALUES (213, '');
INSERT INTO `x_system` VALUES (214, '');
INSERT INTO `x_system` VALUES (215, '');
INSERT INTO `x_system` VALUES (216, '');
INSERT INTO `x_system` VALUES (217, '');
INSERT INTO `x_system` VALUES (218, '');
INSERT INTO `x_system` VALUES (219, '');
INSERT INTO `x_system` VALUES (220, '');
INSERT INTO `x_system` VALUES (221, '');
INSERT INTO `x_system` VALUES (222, '');
INSERT INTO `x_system` VALUES (223, '');
INSERT INTO `x_system` VALUES (224, '');
INSERT INTO `x_system` VALUES (225, '');
INSERT INTO `x_system` VALUES (226, '');
INSERT INTO `x_system` VALUES (227, '');
INSERT INTO `x_system` VALUES (228, '');
INSERT INTO `x_system` VALUES (229, '');
INSERT INTO `x_system` VALUES (230, '');
INSERT INTO `x_system` VALUES (231, '');
INSERT INTO `x_system` VALUES (232, '');
INSERT INTO `x_system` VALUES (233, '');
INSERT INTO `x_system` VALUES (234, '');
INSERT INTO `x_system` VALUES (235, '');
INSERT INTO `x_system` VALUES (236, '');
INSERT INTO `x_system` VALUES (237, '');
INSERT INTO `x_system` VALUES (238, '');
INSERT INTO `x_system` VALUES (239, '');
INSERT INTO `x_system` VALUES (240, '');
INSERT INTO `x_system` VALUES (241, '');
INSERT INTO `x_system` VALUES (242, '');
INSERT INTO `x_system` VALUES (243, '');
INSERT INTO `x_system` VALUES (244, '');
INSERT INTO `x_system` VALUES (245, '');
INSERT INTO `x_system` VALUES (246, '');
INSERT INTO `x_system` VALUES (247, '');
INSERT INTO `x_system` VALUES (248, '');
INSERT INTO `x_system` VALUES (249, '');
INSERT INTO `x_system` VALUES (250, '');
INSERT INTO `x_system` VALUES (251, '');
INSERT INTO `x_system` VALUES (252, '');
INSERT INTO `x_system` VALUES (253, '');
INSERT INTO `x_system` VALUES (254, '');
INSERT INTO `x_system` VALUES (255, '');
INSERT INTO `x_system` VALUES (256, '');
INSERT INTO `x_system` VALUES (257, '');
INSERT INTO `x_system` VALUES (258, '');
INSERT INTO `x_system` VALUES (259, '');
INSERT INTO `x_system` VALUES (260, '');
INSERT INTO `x_system` VALUES (261, '');
INSERT INTO `x_system` VALUES (262, '');
INSERT INTO `x_system` VALUES (263, '');
INSERT INTO `x_system` VALUES (264, '');
INSERT INTO `x_system` VALUES (265, '');
INSERT INTO `x_system` VALUES (266, '');
INSERT INTO `x_system` VALUES (267, '');
INSERT INTO `x_system` VALUES (268, '');
INSERT INTO `x_system` VALUES (269, '');
INSERT INTO `x_system` VALUES (270, '');
INSERT INTO `x_system` VALUES (271, '');
INSERT INTO `x_system` VALUES (272, '');
INSERT INTO `x_system` VALUES (273, '');
INSERT INTO `x_system` VALUES (274, '');
INSERT INTO `x_system` VALUES (275, '');
INSERT INTO `x_system` VALUES (276, '');
INSERT INTO `x_system` VALUES (277, '');
INSERT INTO `x_system` VALUES (278, '');
INSERT INTO `x_system` VALUES (279, '');
INSERT INTO `x_system` VALUES (280, '');
INSERT INTO `x_system` VALUES (281, '');
INSERT INTO `x_system` VALUES (282, '');
INSERT INTO `x_system` VALUES (283, '');
INSERT INTO `x_system` VALUES (284, '');
INSERT INTO `x_system` VALUES (285, '');
INSERT INTO `x_system` VALUES (286, '');
INSERT INTO `x_system` VALUES (287, '');
INSERT INTO `x_system` VALUES (288, '');
INSERT INTO `x_system` VALUES (289, '');
INSERT INTO `x_system` VALUES (290, '');
INSERT INTO `x_system` VALUES (291, '');
INSERT INTO `x_system` VALUES (292, '');
INSERT INTO `x_system` VALUES (293, '');
INSERT INTO `x_system` VALUES (294, '');
INSERT INTO `x_system` VALUES (295, '');
INSERT INTO `x_system` VALUES (296, '');
INSERT INTO `x_system` VALUES (297, '');
INSERT INTO `x_system` VALUES (298, '');
INSERT INTO `x_system` VALUES (299, '');
INSERT INTO `x_system` VALUES (300, '');
INSERT INTO `x_system` VALUES (301, '');
INSERT INTO `x_system` VALUES (302, '');
INSERT INTO `x_system` VALUES (303, '');
INSERT INTO `x_system` VALUES (304, '');
INSERT INTO `x_system` VALUES (305, '');
INSERT INTO `x_system` VALUES (306, '');
INSERT INTO `x_system` VALUES (307, '');
INSERT INTO `x_system` VALUES (308, '');
INSERT INTO `x_system` VALUES (309, '');
INSERT INTO `x_system` VALUES (310, '');
INSERT INTO `x_system` VALUES (311, '');
INSERT INTO `x_system` VALUES (312, '');
INSERT INTO `x_system` VALUES (313, '');
INSERT INTO `x_system` VALUES (314, '');
INSERT INTO `x_system` VALUES (315, '');
INSERT INTO `x_system` VALUES (316, '');
INSERT INTO `x_system` VALUES (317, '');
INSERT INTO `x_system` VALUES (318, '');
INSERT INTO `x_system` VALUES (319, '');
INSERT INTO `x_system` VALUES (320, '');
INSERT INTO `x_system` VALUES (321, '');
INSERT INTO `x_system` VALUES (322, '');
INSERT INTO `x_system` VALUES (323, '');
INSERT INTO `x_system` VALUES (324, '');
INSERT INTO `x_system` VALUES (325, '');
INSERT INTO `x_system` VALUES (326, '');
INSERT INTO `x_system` VALUES (327, '');
INSERT INTO `x_system` VALUES (328, '');
INSERT INTO `x_system` VALUES (329, '');
INSERT INTO `x_system` VALUES (330, '');
INSERT INTO `x_system` VALUES (331, '');
INSERT INTO `x_system` VALUES (332, '');
INSERT INTO `x_system` VALUES (333, '');
INSERT INTO `x_system` VALUES (334, '');
INSERT INTO `x_system` VALUES (335, '');
INSERT INTO `x_system` VALUES (336, '');
INSERT INTO `x_system` VALUES (337, '');
INSERT INTO `x_system` VALUES (338, '');
INSERT INTO `x_system` VALUES (339, '');
INSERT INTO `x_system` VALUES (340, '');
INSERT INTO `x_system` VALUES (341, '');
INSERT INTO `x_system` VALUES (342, '');
INSERT INTO `x_system` VALUES (343, '');
INSERT INTO `x_system` VALUES (344, '');
INSERT INTO `x_system` VALUES (345, '');
INSERT INTO `x_system` VALUES (346, '');
INSERT INTO `x_system` VALUES (347, '');
INSERT INTO `x_system` VALUES (348, '');
INSERT INTO `x_system` VALUES (349, '');
INSERT INTO `x_system` VALUES (350, '');
INSERT INTO `x_system` VALUES (351, '');
INSERT INTO `x_system` VALUES (352, '');
INSERT INTO `x_system` VALUES (353, '');
INSERT INTO `x_system` VALUES (354, '');
INSERT INTO `x_system` VALUES (355, '');
INSERT INTO `x_system` VALUES (356, '');
INSERT INTO `x_system` VALUES (357, '');
INSERT INTO `x_system` VALUES (358, '');
INSERT INTO `x_system` VALUES (359, '');
INSERT INTO `x_system` VALUES (360, '');
INSERT INTO `x_system` VALUES (361, '');
INSERT INTO `x_system` VALUES (362, '');
INSERT INTO `x_system` VALUES (363, '');
INSERT INTO `x_system` VALUES (364, '');
INSERT INTO `x_system` VALUES (365, '');
INSERT INTO `x_system` VALUES (366, '');
INSERT INTO `x_system` VALUES (367, '');
INSERT INTO `x_system` VALUES (368, '');
INSERT INTO `x_system` VALUES (369, '');
INSERT INTO `x_system` VALUES (370, '');
INSERT INTO `x_system` VALUES (371, '');
INSERT INTO `x_system` VALUES (372, '');
INSERT INTO `x_system` VALUES (373, '');
INSERT INTO `x_system` VALUES (374, '');
INSERT INTO `x_system` VALUES (375, '');
INSERT INTO `x_system` VALUES (376, '');
INSERT INTO `x_system` VALUES (377, '');
INSERT INTO `x_system` VALUES (378, '');
INSERT INTO `x_system` VALUES (379, '');
INSERT INTO `x_system` VALUES (380, '');
INSERT INTO `x_system` VALUES (381, '');
INSERT INTO `x_system` VALUES (382, '');
INSERT INTO `x_system` VALUES (383, '');
INSERT INTO `x_system` VALUES (384, '');
INSERT INTO `x_system` VALUES (385, '');
INSERT INTO `x_system` VALUES (386, '');
INSERT INTO `x_system` VALUES (387, '');
INSERT INTO `x_system` VALUES (388, '');
INSERT INTO `x_system` VALUES (389, '');
INSERT INTO `x_system` VALUES (390, '');
INSERT INTO `x_system` VALUES (391, '');
INSERT INTO `x_system` VALUES (392, '');
INSERT INTO `x_system` VALUES (393, '');
INSERT INTO `x_system` VALUES (394, '');
INSERT INTO `x_system` VALUES (395, '');
INSERT INTO `x_system` VALUES (396, '');
INSERT INTO `x_system` VALUES (397, '');
INSERT INTO `x_system` VALUES (398, '');
INSERT INTO `x_system` VALUES (399, '');
INSERT INTO `x_system` VALUES (400, '');
INSERT INTO `x_system` VALUES (401, '');
INSERT INTO `x_system` VALUES (402, '');
INSERT INTO `x_system` VALUES (403, '');
INSERT INTO `x_system` VALUES (404, '');
INSERT INTO `x_system` VALUES (405, '');
INSERT INTO `x_system` VALUES (406, '');
INSERT INTO `x_system` VALUES (407, '');
INSERT INTO `x_system` VALUES (408, '');
INSERT INTO `x_system` VALUES (409, '');
INSERT INTO `x_system` VALUES (410, '');
INSERT INTO `x_system` VALUES (411, '');
INSERT INTO `x_system` VALUES (412, '');
INSERT INTO `x_system` VALUES (413, '');
INSERT INTO `x_system` VALUES (414, '');
INSERT INTO `x_system` VALUES (415, '');
INSERT INTO `x_system` VALUES (416, '');
INSERT INTO `x_system` VALUES (417, '');
INSERT INTO `x_system` VALUES (418, '');
INSERT INTO `x_system` VALUES (419, '');
INSERT INTO `x_system` VALUES (420, '');
INSERT INTO `x_system` VALUES (421, '');
INSERT INTO `x_system` VALUES (422, '');
INSERT INTO `x_system` VALUES (423, '');
INSERT INTO `x_system` VALUES (424, '');
INSERT INTO `x_system` VALUES (425, '');
INSERT INTO `x_system` VALUES (426, '');
INSERT INTO `x_system` VALUES (427, '');
INSERT INTO `x_system` VALUES (428, '');
INSERT INTO `x_system` VALUES (429, '');
INSERT INTO `x_system` VALUES (430, '');
INSERT INTO `x_system` VALUES (431, '');
INSERT INTO `x_system` VALUES (432, '');
INSERT INTO `x_system` VALUES (433, '');
INSERT INTO `x_system` VALUES (434, '');
INSERT INTO `x_system` VALUES (435, '');
INSERT INTO `x_system` VALUES (436, '');
INSERT INTO `x_system` VALUES (437, '');
INSERT INTO `x_system` VALUES (438, '');
INSERT INTO `x_system` VALUES (439, '');
INSERT INTO `x_system` VALUES (440, '');
INSERT INTO `x_system` VALUES (441, '');
INSERT INTO `x_system` VALUES (442, '');
INSERT INTO `x_system` VALUES (443, '');
INSERT INTO `x_system` VALUES (444, '');
INSERT INTO `x_system` VALUES (445, '');
INSERT INTO `x_system` VALUES (446, '');
INSERT INTO `x_system` VALUES (447, '');
INSERT INTO `x_system` VALUES (448, '');
INSERT INTO `x_system` VALUES (449, '');
INSERT INTO `x_system` VALUES (450, '');
INSERT INTO `x_system` VALUES (451, '');
INSERT INTO `x_system` VALUES (452, '');
INSERT INTO `x_system` VALUES (453, '');
INSERT INTO `x_system` VALUES (454, '');
INSERT INTO `x_system` VALUES (455, '');
INSERT INTO `x_system` VALUES (456, '');
INSERT INTO `x_system` VALUES (457, '');
INSERT INTO `x_system` VALUES (458, '');
INSERT INTO `x_system` VALUES (459, '');
INSERT INTO `x_system` VALUES (460, '');
INSERT INTO `x_system` VALUES (461, '');
INSERT INTO `x_system` VALUES (462, '');
INSERT INTO `x_system` VALUES (463, '');
INSERT INTO `x_system` VALUES (464, '');
INSERT INTO `x_system` VALUES (465, '');
INSERT INTO `x_system` VALUES (466, '');
INSERT INTO `x_system` VALUES (467, '');
INSERT INTO `x_system` VALUES (468, '');
INSERT INTO `x_system` VALUES (469, '');
INSERT INTO `x_system` VALUES (470, '');
INSERT INTO `x_system` VALUES (471, '');
INSERT INTO `x_system` VALUES (472, '');
INSERT INTO `x_system` VALUES (473, '');
INSERT INTO `x_system` VALUES (474, '');
INSERT INTO `x_system` VALUES (475, '');
INSERT INTO `x_system` VALUES (476, '');
INSERT INTO `x_system` VALUES (477, '');
INSERT INTO `x_system` VALUES (478, '');
INSERT INTO `x_system` VALUES (479, '');
INSERT INTO `x_system` VALUES (480, '');
INSERT INTO `x_system` VALUES (481, '');
INSERT INTO `x_system` VALUES (482, '');
INSERT INTO `x_system` VALUES (483, '');
INSERT INTO `x_system` VALUES (484, '');
INSERT INTO `x_system` VALUES (485, '');
INSERT INTO `x_system` VALUES (486, '');
INSERT INTO `x_system` VALUES (487, '');
INSERT INTO `x_system` VALUES (488, '');
INSERT INTO `x_system` VALUES (489, '');
INSERT INTO `x_system` VALUES (490, '');
INSERT INTO `x_system` VALUES (491, '');
INSERT INTO `x_system` VALUES (492, '');
INSERT INTO `x_system` VALUES (493, '');
INSERT INTO `x_system` VALUES (494, '');
INSERT INTO `x_system` VALUES (495, '');
INSERT INTO `x_system` VALUES (496, '');
INSERT INTO `x_system` VALUES (497, '');
INSERT INTO `x_system` VALUES (498, '');
INSERT INTO `x_system` VALUES (499, '');
INSERT INTO `x_system` VALUES (500, '');
INSERT INTO `x_system` VALUES (501, '');
INSERT INTO `x_system` VALUES (502, '');
INSERT INTO `x_system` VALUES (503, '');
INSERT INTO `x_system` VALUES (504, '');
INSERT INTO `x_system` VALUES (505, '');
INSERT INTO `x_system` VALUES (506, '');
INSERT INTO `x_system` VALUES (507, '');
INSERT INTO `x_system` VALUES (508, '');
INSERT INTO `x_system` VALUES (509, '');
INSERT INTO `x_system` VALUES (510, '');
INSERT INTO `x_system` VALUES (511, '');
INSERT INTO `x_system` VALUES (512, '');
INSERT INTO `x_system` VALUES (513, '');
INSERT INTO `x_system` VALUES (514, '');
INSERT INTO `x_system` VALUES (515, '');
INSERT INTO `x_system` VALUES (516, '');
INSERT INTO `x_system` VALUES (517, '');
INSERT INTO `x_system` VALUES (518, '');
INSERT INTO `x_system` VALUES (519, '');
INSERT INTO `x_system` VALUES (520, '');
INSERT INTO `x_system` VALUES (521, '');
INSERT INTO `x_system` VALUES (522, '');
INSERT INTO `x_system` VALUES (523, '');
INSERT INTO `x_system` VALUES (524, '');
INSERT INTO `x_system` VALUES (525, '');
INSERT INTO `x_system` VALUES (526, '');
INSERT INTO `x_system` VALUES (527, '');
INSERT INTO `x_system` VALUES (528, '');
INSERT INTO `x_system` VALUES (529, '');
INSERT INTO `x_system` VALUES (530, '');
INSERT INTO `x_system` VALUES (531, '');
INSERT INTO `x_system` VALUES (532, '');
INSERT INTO `x_system` VALUES (533, '');
INSERT INTO `x_system` VALUES (534, '');
INSERT INTO `x_system` VALUES (535, '');
INSERT INTO `x_system` VALUES (536, '');
INSERT INTO `x_system` VALUES (537, '');
INSERT INTO `x_system` VALUES (538, '');
INSERT INTO `x_system` VALUES (539, '');
INSERT INTO `x_system` VALUES (540, '');
INSERT INTO `x_system` VALUES (541, '');
INSERT INTO `x_system` VALUES (542, '');
INSERT INTO `x_system` VALUES (543, '');
INSERT INTO `x_system` VALUES (544, '');
INSERT INTO `x_system` VALUES (545, '');
INSERT INTO `x_system` VALUES (546, '');
INSERT INTO `x_system` VALUES (547, '');
INSERT INTO `x_system` VALUES (548, '');
INSERT INTO `x_system` VALUES (549, '');
INSERT INTO `x_system` VALUES (550, '');
INSERT INTO `x_system` VALUES (551, '');
INSERT INTO `x_system` VALUES (552, '');
INSERT INTO `x_system` VALUES (553, '');
INSERT INTO `x_system` VALUES (554, '');
INSERT INTO `x_system` VALUES (555, '');
INSERT INTO `x_system` VALUES (556, '');
INSERT INTO `x_system` VALUES (557, '');
INSERT INTO `x_system` VALUES (558, '');
INSERT INTO `x_system` VALUES (559, '');
INSERT INTO `x_system` VALUES (560, '');
INSERT INTO `x_system` VALUES (561, '');
INSERT INTO `x_system` VALUES (562, '');
INSERT INTO `x_system` VALUES (563, '');
INSERT INTO `x_system` VALUES (564, '');
INSERT INTO `x_system` VALUES (565, '');
INSERT INTO `x_system` VALUES (566, '');
INSERT INTO `x_system` VALUES (567, '');
INSERT INTO `x_system` VALUES (568, '');
INSERT INTO `x_system` VALUES (569, '');
INSERT INTO `x_system` VALUES (570, '');
INSERT INTO `x_system` VALUES (571, '');
INSERT INTO `x_system` VALUES (572, '');
INSERT INTO `x_system` VALUES (573, '');
INSERT INTO `x_system` VALUES (574, '');
INSERT INTO `x_system` VALUES (575, '');
INSERT INTO `x_system` VALUES (576, '');
INSERT INTO `x_system` VALUES (577, '');
INSERT INTO `x_system` VALUES (578, '');
INSERT INTO `x_system` VALUES (579, '');
INSERT INTO `x_system` VALUES (580, '');
INSERT INTO `x_system` VALUES (581, '');
INSERT INTO `x_system` VALUES (582, '');
INSERT INTO `x_system` VALUES (583, '');
INSERT INTO `x_system` VALUES (584, '');
INSERT INTO `x_system` VALUES (585, '');
INSERT INTO `x_system` VALUES (586, '');
INSERT INTO `x_system` VALUES (587, '');
INSERT INTO `x_system` VALUES (588, '');
INSERT INTO `x_system` VALUES (589, '');
INSERT INTO `x_system` VALUES (590, '');
INSERT INTO `x_system` VALUES (591, '');
INSERT INTO `x_system` VALUES (592, '');
INSERT INTO `x_system` VALUES (593, '');
INSERT INTO `x_system` VALUES (594, '');
INSERT INTO `x_system` VALUES (595, '');
INSERT INTO `x_system` VALUES (596, '');
INSERT INTO `x_system` VALUES (597, '');
INSERT INTO `x_system` VALUES (598, '');
INSERT INTO `x_system` VALUES (599, '');
INSERT INTO `x_system` VALUES (600, '');
INSERT INTO `x_system` VALUES (601, '');
INSERT INTO `x_system` VALUES (602, '');
INSERT INTO `x_system` VALUES (603, '');
INSERT INTO `x_system` VALUES (604, '');
INSERT INTO `x_system` VALUES (605, '');
INSERT INTO `x_system` VALUES (606, '');
INSERT INTO `x_system` VALUES (607, '');
INSERT INTO `x_system` VALUES (608, '');
INSERT INTO `x_system` VALUES (609, '');
INSERT INTO `x_system` VALUES (610, '');
INSERT INTO `x_system` VALUES (611, '');
INSERT INTO `x_system` VALUES (612, '');
INSERT INTO `x_system` VALUES (613, '');
INSERT INTO `x_system` VALUES (614, '');
INSERT INTO `x_system` VALUES (615, '');
INSERT INTO `x_system` VALUES (616, '');
INSERT INTO `x_system` VALUES (617, '');
INSERT INTO `x_system` VALUES (618, '');
INSERT INTO `x_system` VALUES (619, '');
INSERT INTO `x_system` VALUES (620, '');
INSERT INTO `x_system` VALUES (621, '');
INSERT INTO `x_system` VALUES (622, '');
INSERT INTO `x_system` VALUES (623, '');
INSERT INTO `x_system` VALUES (624, '');
INSERT INTO `x_system` VALUES (625, '');
INSERT INTO `x_system` VALUES (626, '');
INSERT INTO `x_system` VALUES (627, '');
INSERT INTO `x_system` VALUES (628, '');
INSERT INTO `x_system` VALUES (629, '');
INSERT INTO `x_system` VALUES (630, '');
INSERT INTO `x_system` VALUES (631, '');
INSERT INTO `x_system` VALUES (632, '');
INSERT INTO `x_system` VALUES (633, '');
INSERT INTO `x_system` VALUES (634, '');
INSERT INTO `x_system` VALUES (635, '');
INSERT INTO `x_system` VALUES (636, '');
INSERT INTO `x_system` VALUES (637, '');
INSERT INTO `x_system` VALUES (638, '');
INSERT INTO `x_system` VALUES (639, '');
INSERT INTO `x_system` VALUES (640, '');
INSERT INTO `x_system` VALUES (641, '');
INSERT INTO `x_system` VALUES (642, '');
INSERT INTO `x_system` VALUES (643, '');
INSERT INTO `x_system` VALUES (644, '');
INSERT INTO `x_system` VALUES (645, '');
INSERT INTO `x_system` VALUES (646, '');
INSERT INTO `x_system` VALUES (647, '');
INSERT INTO `x_system` VALUES (648, '');
INSERT INTO `x_system` VALUES (649, '');
INSERT INTO `x_system` VALUES (650, '');
INSERT INTO `x_system` VALUES (651, '');
INSERT INTO `x_system` VALUES (652, '');
INSERT INTO `x_system` VALUES (653, '');
INSERT INTO `x_system` VALUES (654, '');
INSERT INTO `x_system` VALUES (655, '');
INSERT INTO `x_system` VALUES (656, '');
INSERT INTO `x_system` VALUES (657, '');
INSERT INTO `x_system` VALUES (658, '');
INSERT INTO `x_system` VALUES (659, '');
INSERT INTO `x_system` VALUES (660, '');
INSERT INTO `x_system` VALUES (661, '');
INSERT INTO `x_system` VALUES (662, '');
INSERT INTO `x_system` VALUES (663, '');
INSERT INTO `x_system` VALUES (664, '');
INSERT INTO `x_system` VALUES (665, '');
INSERT INTO `x_system` VALUES (666, '');
INSERT INTO `x_system` VALUES (667, '');
INSERT INTO `x_system` VALUES (668, '');
INSERT INTO `x_system` VALUES (669, '');
INSERT INTO `x_system` VALUES (670, '');
INSERT INTO `x_system` VALUES (671, '');
INSERT INTO `x_system` VALUES (672, '');
INSERT INTO `x_system` VALUES (673, '');
INSERT INTO `x_system` VALUES (674, '');
INSERT INTO `x_system` VALUES (675, '');
INSERT INTO `x_system` VALUES (676, '');
INSERT INTO `x_system` VALUES (677, '');
INSERT INTO `x_system` VALUES (678, '');
INSERT INTO `x_system` VALUES (679, '');
INSERT INTO `x_system` VALUES (680, '');
INSERT INTO `x_system` VALUES (681, '');
INSERT INTO `x_system` VALUES (682, '');
INSERT INTO `x_system` VALUES (683, '');
INSERT INTO `x_system` VALUES (684, '');
INSERT INTO `x_system` VALUES (685, '');
INSERT INTO `x_system` VALUES (686, '');
INSERT INTO `x_system` VALUES (687, '');
INSERT INTO `x_system` VALUES (688, '');
INSERT INTO `x_system` VALUES (689, '');
INSERT INTO `x_system` VALUES (690, '');
INSERT INTO `x_system` VALUES (691, '');
INSERT INTO `x_system` VALUES (692, '');
INSERT INTO `x_system` VALUES (693, '');
INSERT INTO `x_system` VALUES (694, '');
INSERT INTO `x_system` VALUES (695, '');
INSERT INTO `x_system` VALUES (696, '');
INSERT INTO `x_system` VALUES (697, '');
INSERT INTO `x_system` VALUES (698, '');
INSERT INTO `x_system` VALUES (699, '');
INSERT INTO `x_system` VALUES (700, '');
INSERT INTO `x_system` VALUES (701, '');
INSERT INTO `x_system` VALUES (702, '');
INSERT INTO `x_system` VALUES (703, '');
INSERT INTO `x_system` VALUES (704, '');
INSERT INTO `x_system` VALUES (705, '');
INSERT INTO `x_system` VALUES (706, '');
INSERT INTO `x_system` VALUES (707, '');
INSERT INTO `x_system` VALUES (708, '');
INSERT INTO `x_system` VALUES (709, '');
INSERT INTO `x_system` VALUES (710, '');
INSERT INTO `x_system` VALUES (711, '');
INSERT INTO `x_system` VALUES (712, '');
INSERT INTO `x_system` VALUES (713, '');
INSERT INTO `x_system` VALUES (714, '');
INSERT INTO `x_system` VALUES (715, '');
INSERT INTO `x_system` VALUES (716, '');
INSERT INTO `x_system` VALUES (717, '');
INSERT INTO `x_system` VALUES (718, '');
INSERT INTO `x_system` VALUES (719, '');
INSERT INTO `x_system` VALUES (720, '');
INSERT INTO `x_system` VALUES (721, '');
INSERT INTO `x_system` VALUES (722, '');
INSERT INTO `x_system` VALUES (723, '');
INSERT INTO `x_system` VALUES (724, '');
INSERT INTO `x_system` VALUES (725, '');
INSERT INTO `x_system` VALUES (726, '');
INSERT INTO `x_system` VALUES (727, '');
INSERT INTO `x_system` VALUES (728, '');
INSERT INTO `x_system` VALUES (729, '');
INSERT INTO `x_system` VALUES (730, '');
INSERT INTO `x_system` VALUES (731, '');
INSERT INTO `x_system` VALUES (732, '');
INSERT INTO `x_system` VALUES (733, '');
INSERT INTO `x_system` VALUES (734, '');
INSERT INTO `x_system` VALUES (735, '');
INSERT INTO `x_system` VALUES (736, '');
INSERT INTO `x_system` VALUES (737, '');
INSERT INTO `x_system` VALUES (738, '');
INSERT INTO `x_system` VALUES (739, '');
INSERT INTO `x_system` VALUES (740, '');
INSERT INTO `x_system` VALUES (741, '');
INSERT INTO `x_system` VALUES (742, '');
INSERT INTO `x_system` VALUES (743, '');
INSERT INTO `x_system` VALUES (744, '');
INSERT INTO `x_system` VALUES (745, '');
INSERT INTO `x_system` VALUES (746, '');
INSERT INTO `x_system` VALUES (747, '');
INSERT INTO `x_system` VALUES (748, '');
INSERT INTO `x_system` VALUES (749, '');
INSERT INTO `x_system` VALUES (750, '');
INSERT INTO `x_system` VALUES (751, '');
INSERT INTO `x_system` VALUES (752, '');
INSERT INTO `x_system` VALUES (753, '');
INSERT INTO `x_system` VALUES (754, '');
INSERT INTO `x_system` VALUES (755, '');
INSERT INTO `x_system` VALUES (756, '');
INSERT INTO `x_system` VALUES (757, '');
INSERT INTO `x_system` VALUES (758, '');
INSERT INTO `x_system` VALUES (759, '');
INSERT INTO `x_system` VALUES (760, '');
INSERT INTO `x_system` VALUES (761, '');
INSERT INTO `x_system` VALUES (762, '');
INSERT INTO `x_system` VALUES (763, '');
INSERT INTO `x_system` VALUES (764, '');
INSERT INTO `x_system` VALUES (765, '');
INSERT INTO `x_system` VALUES (766, '');
INSERT INTO `x_system` VALUES (767, '');
INSERT INTO `x_system` VALUES (768, '');
INSERT INTO `x_system` VALUES (769, '');
INSERT INTO `x_system` VALUES (770, '');
INSERT INTO `x_system` VALUES (771, '');
INSERT INTO `x_system` VALUES (772, '');
INSERT INTO `x_system` VALUES (773, '');
INSERT INTO `x_system` VALUES (774, '');
INSERT INTO `x_system` VALUES (775, '');
INSERT INTO `x_system` VALUES (776, '');
INSERT INTO `x_system` VALUES (777, '');
INSERT INTO `x_system` VALUES (778, '');
INSERT INTO `x_system` VALUES (779, '');
INSERT INTO `x_system` VALUES (780, '');
INSERT INTO `x_system` VALUES (781, '');
INSERT INTO `x_system` VALUES (782, '');
INSERT INTO `x_system` VALUES (783, '');
INSERT INTO `x_system` VALUES (784, '');
INSERT INTO `x_system` VALUES (785, '');
INSERT INTO `x_system` VALUES (786, '');
INSERT INTO `x_system` VALUES (787, '');
INSERT INTO `x_system` VALUES (788, '');
INSERT INTO `x_system` VALUES (789, '');
INSERT INTO `x_system` VALUES (790, '');
INSERT INTO `x_system` VALUES (791, '');
INSERT INTO `x_system` VALUES (792, '');
INSERT INTO `x_system` VALUES (793, '');
INSERT INTO `x_system` VALUES (794, '');
INSERT INTO `x_system` VALUES (795, '');
INSERT INTO `x_system` VALUES (796, '');
INSERT INTO `x_system` VALUES (797, '');
INSERT INTO `x_system` VALUES (798, '');
INSERT INTO `x_system` VALUES (799, '');
INSERT INTO `x_system` VALUES (800, '');
INSERT INTO `x_system` VALUES (801, '');
INSERT INTO `x_system` VALUES (802, '');
INSERT INTO `x_system` VALUES (803, '');
INSERT INTO `x_system` VALUES (804, '');
INSERT INTO `x_system` VALUES (805, '');
INSERT INTO `x_system` VALUES (806, '');
INSERT INTO `x_system` VALUES (807, '');
INSERT INTO `x_system` VALUES (808, '');
INSERT INTO `x_system` VALUES (809, '');
INSERT INTO `x_system` VALUES (810, '');
INSERT INTO `x_system` VALUES (811, '');
INSERT INTO `x_system` VALUES (812, '');
INSERT INTO `x_system` VALUES (813, '');
INSERT INTO `x_system` VALUES (814, '');
INSERT INTO `x_system` VALUES (815, '');
INSERT INTO `x_system` VALUES (816, '');
INSERT INTO `x_system` VALUES (817, '');
INSERT INTO `x_system` VALUES (818, '');
INSERT INTO `x_system` VALUES (819, '');
INSERT INTO `x_system` VALUES (820, '');
INSERT INTO `x_system` VALUES (821, '');
INSERT INTO `x_system` VALUES (822, '');
INSERT INTO `x_system` VALUES (823, '');
INSERT INTO `x_system` VALUES (824, '');
INSERT INTO `x_system` VALUES (825, '');
INSERT INTO `x_system` VALUES (826, '');
INSERT INTO `x_system` VALUES (827, '');
INSERT INTO `x_system` VALUES (828, '');
INSERT INTO `x_system` VALUES (829, '');
INSERT INTO `x_system` VALUES (830, '');
INSERT INTO `x_system` VALUES (831, '');
INSERT INTO `x_system` VALUES (832, '');
INSERT INTO `x_system` VALUES (833, '');
INSERT INTO `x_system` VALUES (834, '');
INSERT INTO `x_system` VALUES (835, '');
INSERT INTO `x_system` VALUES (836, '');
INSERT INTO `x_system` VALUES (837, '');
INSERT INTO `x_system` VALUES (838, '');
INSERT INTO `x_system` VALUES (839, '');
INSERT INTO `x_system` VALUES (840, '');
INSERT INTO `x_system` VALUES (841, '');
INSERT INTO `x_system` VALUES (842, '');
INSERT INTO `x_system` VALUES (843, '');
INSERT INTO `x_system` VALUES (844, '');
INSERT INTO `x_system` VALUES (845, '');
INSERT INTO `x_system` VALUES (846, '');
INSERT INTO `x_system` VALUES (847, '');
INSERT INTO `x_system` VALUES (848, '');
INSERT INTO `x_system` VALUES (849, '');
INSERT INTO `x_system` VALUES (850, '');
INSERT INTO `x_system` VALUES (851, '');
INSERT INTO `x_system` VALUES (852, '');
INSERT INTO `x_system` VALUES (853, '');
INSERT INTO `x_system` VALUES (854, '');
INSERT INTO `x_system` VALUES (855, '');
INSERT INTO `x_system` VALUES (856, '');
INSERT INTO `x_system` VALUES (857, '');
INSERT INTO `x_system` VALUES (858, '');
INSERT INTO `x_system` VALUES (859, '');
INSERT INTO `x_system` VALUES (860, '');
INSERT INTO `x_system` VALUES (861, '');
INSERT INTO `x_system` VALUES (862, '');
INSERT INTO `x_system` VALUES (863, '');
INSERT INTO `x_system` VALUES (864, '');
INSERT INTO `x_system` VALUES (865, '');
INSERT INTO `x_system` VALUES (866, '');
INSERT INTO `x_system` VALUES (867, '');
INSERT INTO `x_system` VALUES (868, '');
INSERT INTO `x_system` VALUES (869, '');
INSERT INTO `x_system` VALUES (870, '');
INSERT INTO `x_system` VALUES (871, '');
INSERT INTO `x_system` VALUES (872, '');
INSERT INTO `x_system` VALUES (873, '');
INSERT INTO `x_system` VALUES (874, '');
INSERT INTO `x_system` VALUES (875, '');
INSERT INTO `x_system` VALUES (876, '');
INSERT INTO `x_system` VALUES (877, '');
INSERT INTO `x_system` VALUES (878, '');
INSERT INTO `x_system` VALUES (879, '');
INSERT INTO `x_system` VALUES (880, '');
INSERT INTO `x_system` VALUES (881, '');
INSERT INTO `x_system` VALUES (882, '');
INSERT INTO `x_system` VALUES (883, '');
INSERT INTO `x_system` VALUES (884, '');
INSERT INTO `x_system` VALUES (885, '');
INSERT INTO `x_system` VALUES (886, '');
INSERT INTO `x_system` VALUES (887, '');
INSERT INTO `x_system` VALUES (888, '');
INSERT INTO `x_system` VALUES (889, '');
INSERT INTO `x_system` VALUES (890, '');
INSERT INTO `x_system` VALUES (891, '');
INSERT INTO `x_system` VALUES (892, '');
INSERT INTO `x_system` VALUES (893, '');
INSERT INTO `x_system` VALUES (894, '');
INSERT INTO `x_system` VALUES (895, '');
INSERT INTO `x_system` VALUES (896, '');
INSERT INTO `x_system` VALUES (897, '');
INSERT INTO `x_system` VALUES (898, '');
INSERT INTO `x_system` VALUES (899, '');
INSERT INTO `x_system` VALUES (900, '');
INSERT INTO `x_system` VALUES (901, '');
INSERT INTO `x_system` VALUES (902, '');
INSERT INTO `x_system` VALUES (903, '');
INSERT INTO `x_system` VALUES (904, '');
INSERT INTO `x_system` VALUES (905, '');
INSERT INTO `x_system` VALUES (906, '');
INSERT INTO `x_system` VALUES (907, '');
INSERT INTO `x_system` VALUES (908, '');
INSERT INTO `x_system` VALUES (909, '');
INSERT INTO `x_system` VALUES (910, '');
INSERT INTO `x_system` VALUES (911, '');
INSERT INTO `x_system` VALUES (912, '');
INSERT INTO `x_system` VALUES (913, '');
INSERT INTO `x_system` VALUES (914, '');
INSERT INTO `x_system` VALUES (915, '');
INSERT INTO `x_system` VALUES (916, '');
INSERT INTO `x_system` VALUES (917, '');
INSERT INTO `x_system` VALUES (918, '');
INSERT INTO `x_system` VALUES (919, '');
INSERT INTO `x_system` VALUES (920, '');
INSERT INTO `x_system` VALUES (921, '');
INSERT INTO `x_system` VALUES (922, '');
INSERT INTO `x_system` VALUES (923, '');
INSERT INTO `x_system` VALUES (924, '');
INSERT INTO `x_system` VALUES (925, '');
INSERT INTO `x_system` VALUES (926, '');
INSERT INTO `x_system` VALUES (927, '');
INSERT INTO `x_system` VALUES (928, '');
INSERT INTO `x_system` VALUES (929, '');
INSERT INTO `x_system` VALUES (930, '');
INSERT INTO `x_system` VALUES (931, '');
INSERT INTO `x_system` VALUES (932, '');
INSERT INTO `x_system` VALUES (933, '');
INSERT INTO `x_system` VALUES (934, '');
INSERT INTO `x_system` VALUES (935, '');
INSERT INTO `x_system` VALUES (936, '');
INSERT INTO `x_system` VALUES (937, '');
INSERT INTO `x_system` VALUES (938, '');
INSERT INTO `x_system` VALUES (939, '');
INSERT INTO `x_system` VALUES (940, '');
INSERT INTO `x_system` VALUES (941, '');
INSERT INTO `x_system` VALUES (942, '');
INSERT INTO `x_system` VALUES (943, '');
INSERT INTO `x_system` VALUES (944, '');
INSERT INTO `x_system` VALUES (945, '');
INSERT INTO `x_system` VALUES (946, '');
INSERT INTO `x_system` VALUES (947, '');
INSERT INTO `x_system` VALUES (948, '');
INSERT INTO `x_system` VALUES (949, '');
INSERT INTO `x_system` VALUES (950, '');
INSERT INTO `x_system` VALUES (951, '');
INSERT INTO `x_system` VALUES (952, '');
INSERT INTO `x_system` VALUES (953, '');
INSERT INTO `x_system` VALUES (954, '');
INSERT INTO `x_system` VALUES (955, '');
INSERT INTO `x_system` VALUES (956, '');
INSERT INTO `x_system` VALUES (957, '');
INSERT INTO `x_system` VALUES (958, '');
INSERT INTO `x_system` VALUES (959, '');
INSERT INTO `x_system` VALUES (960, '');
INSERT INTO `x_system` VALUES (961, '');
INSERT INTO `x_system` VALUES (962, '');
INSERT INTO `x_system` VALUES (963, '');
INSERT INTO `x_system` VALUES (964, '');
INSERT INTO `x_system` VALUES (965, '');
INSERT INTO `x_system` VALUES (966, '');
INSERT INTO `x_system` VALUES (967, '');
INSERT INTO `x_system` VALUES (968, '');
INSERT INTO `x_system` VALUES (969, '');
INSERT INTO `x_system` VALUES (970, '');
INSERT INTO `x_system` VALUES (971, '');
INSERT INTO `x_system` VALUES (972, '');
INSERT INTO `x_system` VALUES (973, '');
INSERT INTO `x_system` VALUES (974, '');
INSERT INTO `x_system` VALUES (975, '');
INSERT INTO `x_system` VALUES (976, '');
INSERT INTO `x_system` VALUES (977, '');
INSERT INTO `x_system` VALUES (978, '');
INSERT INTO `x_system` VALUES (979, '');
INSERT INTO `x_system` VALUES (980, '');
INSERT INTO `x_system` VALUES (981, '');
INSERT INTO `x_system` VALUES (982, '');
INSERT INTO `x_system` VALUES (983, '');
INSERT INTO `x_system` VALUES (984, '');
INSERT INTO `x_system` VALUES (985, '');
INSERT INTO `x_system` VALUES (986, '');
INSERT INTO `x_system` VALUES (987, '');
INSERT INTO `x_system` VALUES (988, '');
INSERT INTO `x_system` VALUES (989, '');
INSERT INTO `x_system` VALUES (990, '');
INSERT INTO `x_system` VALUES (991, '');
INSERT INTO `x_system` VALUES (992, '');
INSERT INTO `x_system` VALUES (993, '');
INSERT INTO `x_system` VALUES (994, '');
INSERT INTO `x_system` VALUES (995, '');
INSERT INTO `x_system` VALUES (996, '');
INSERT INTO `x_system` VALUES (997, '');
INSERT INTO `x_system` VALUES (998, '');
INSERT INTO `x_system` VALUES (999, '');
INSERT INTO `x_system` VALUES (1000, '');
INSERT INTO `x_system` VALUES (1001, '');
INSERT INTO `x_system` VALUES (1002, '');
INSERT INTO `x_system` VALUES (1003, '');
INSERT INTO `x_system` VALUES (1004, '');
INSERT INTO `x_system` VALUES (1005, '');
INSERT INTO `x_system` VALUES (1006, '');
INSERT INTO `x_system` VALUES (1007, '');
INSERT INTO `x_system` VALUES (1008, '');
INSERT INTO `x_system` VALUES (1009, '');
INSERT INTO `x_system` VALUES (1010, '');
INSERT INTO `x_system` VALUES (1011, '');
INSERT INTO `x_system` VALUES (1012, '');
INSERT INTO `x_system` VALUES (1013, '');
INSERT INTO `x_system` VALUES (1014, '');
INSERT INTO `x_system` VALUES (1015, '');
INSERT INTO `x_system` VALUES (1016, '');
INSERT INTO `x_system` VALUES (1017, '');
INSERT INTO `x_system` VALUES (1018, '');
INSERT INTO `x_system` VALUES (1019, '');
INSERT INTO `x_system` VALUES (1020, '');
INSERT INTO `x_system` VALUES (1021, '');
INSERT INTO `x_system` VALUES (1022, '');
INSERT INTO `x_system` VALUES (1023, '');
INSERT INTO `x_system` VALUES (1024, '');
INSERT INTO `x_system` VALUES (1025, '');
INSERT INTO `x_system` VALUES (1026, '');
INSERT INTO `x_system` VALUES (1027, '');
INSERT INTO `x_system` VALUES (1028, '');
INSERT INTO `x_system` VALUES (1029, '');
INSERT INTO `x_system` VALUES (1030, '');
INSERT INTO `x_system` VALUES (1031, '');
INSERT INTO `x_system` VALUES (1032, '');
INSERT INTO `x_system` VALUES (1033, '');
INSERT INTO `x_system` VALUES (1034, '');
INSERT INTO `x_system` VALUES (1035, '');
INSERT INTO `x_system` VALUES (1036, '');
INSERT INTO `x_system` VALUES (1037, '');
INSERT INTO `x_system` VALUES (1038, '');
INSERT INTO `x_system` VALUES (1039, '');
INSERT INTO `x_system` VALUES (1040, '');
INSERT INTO `x_system` VALUES (1041, '');
INSERT INTO `x_system` VALUES (1042, '');
INSERT INTO `x_system` VALUES (1043, '');
INSERT INTO `x_system` VALUES (1044, '');
INSERT INTO `x_system` VALUES (1045, '');
INSERT INTO `x_system` VALUES (1046, '');
INSERT INTO `x_system` VALUES (1047, '');
INSERT INTO `x_system` VALUES (1048, '');
INSERT INTO `x_system` VALUES (1049, '');
INSERT INTO `x_system` VALUES (1050, '');
INSERT INTO `x_system` VALUES (1051, '');
INSERT INTO `x_system` VALUES (1052, '');
INSERT INTO `x_system` VALUES (1053, '');
INSERT INTO `x_system` VALUES (1054, '');
INSERT INTO `x_system` VALUES (1055, '');
INSERT INTO `x_system` VALUES (1056, '');
INSERT INTO `x_system` VALUES (1057, '');
INSERT INTO `x_system` VALUES (1058, '');
INSERT INTO `x_system` VALUES (1059, '');
INSERT INTO `x_system` VALUES (1060, '');

-- ----------------------------
-- Table structure for x_user
-- ----------------------------
DROP TABLE IF EXISTS `x_user`;
CREATE TABLE `x_user`  (
  `user_id` varchar(64) CHARACTER SET utf8mb4 COLLATE utf8mb4_general_ci NOT NULL COMMENT '用户id 用户名+#+仓库',
  `user_name` varchar(64) CHARACTER SET utf8mb4 COLLATE utf8mb4_general_ci NOT NULL,
  `user_email` varchar(255) CHARACTER SET utf8mb4 COLLATE utf8mb4_general_ci NULL DEFAULT NULL,
  `real_user_name` varchar(255) CHARACTER SET utf8mb4 COLLATE utf8mb4_general_ci NULL DEFAULT NULL COMMENT '人员真实姓名',
  `storage_id` int(0) NULL DEFAULT NULL COMMENT '所属仓库',
  PRIMARY KEY (`user_id`) USING BTREE
) ENGINE = InnoDB CHARACTER SET = utf8mb4 COLLATE = utf8mb4_general_ci COMMENT = 'gitlab用户表' ROW_FORMAT = Dynamic;

-- ----------------------------
-- Records of x_user
-- ----------------------------
INSERT INTO `x_user` VALUES ('test#11', 'testadmin', '365627310@qq.com', '小李', 11);
INSERT INTO `x_user` VALUES ('测试A#11', '测试人员A', 'xxxx@qq.com', '小王', 11);
INSERT INTO `x_user` VALUES ('测试B#11', '测试人员B', '365627310@qq.com', '小李', 11);

-- ----------------------------
-- Procedure structure for generate_data
-- ----------------------------
DROP PROCEDURE IF EXISTS `generate_data`;
delimiter ;;
CREATE PROCEDURE `generate_data`()
BEGIN
    DECLARE i INT DEFAULT 1;
    
    WHILE i <= 1000 DO
        INSERT INTO x_system (temp) VALUES (''); -- 假设您的表名为 your_table_name，这里的 RAND() * 100 是生成一个随机的温度值，您可以根据需求修改
        SET i = i + 1;
    END WHILE;
END
;;
delimiter ;

SET FOREIGN_KEY_CHECKS = 1;
